-- phpMyAdmin SQL Dump
-- version 5.2.0
-- https://www.phpmyadmin.net/
--
-- Host: 127.0.0.1
-- Generation Time: May 06, 2023 at 03:08 AM
-- Server version: 10.4.27-MariaDB
-- PHP Version: 8.1.12

SET SQL_MODE = "NO_AUTO_VALUE_ON_ZERO";
START TRANSACTION;
SET time_zone = "+00:00";


/*!40101 SET @OLD_CHARACTER_SET_CLIENT=@@CHARACTER_SET_CLIENT */;
/*!40101 SET @OLD_CHARACTER_SET_RESULTS=@@CHARACTER_SET_RESULTS */;
/*!40101 SET @OLD_COLLATION_CONNECTION=@@COLLATION_CONNECTION */;
/*!40101 SET NAMES utf8mb4 */;

--
-- Database: `school`
--

-- --------------------------------------------------------

--
-- Table structure for table `attendance`
--

CREATE TABLE `attendance` (
  `id` int(11) NOT NULL,
  `student_id` int(11) DEFAULT NULL,
  `date` date NOT NULL,
  `status` varchar(255) NOT NULL,
  `course_id` int(11) DEFAULT NULL,
  `secion_id` int(11) DEFAULT NULL,
  `team_id` int(11) DEFAULT NULL
) ENGINE=InnoDB DEFAULT CHARSET=utf8mb4 COLLATE=utf8mb4_general_ci;

--
-- Dumping data for table `attendance`
--

INSERT INTO `attendance` (`id`, `student_id`, `date`, `status`, `course_id`, `secion_id`, `team_id`) VALUES
(237, 100166978, '2023-05-06', 'حاضر', 8, 1, 2),
(238, 100166979, '2023-05-06', 'غائب', 8, 1, 2),
(239, 100166980, '2023-05-06', 'غائب', 8, 1, 2),
(240, 100166981, '2023-05-06', 'غائب', 8, 1, 2),
(241, 100166982, '2023-05-06', 'غائب', 8, 1, 2),
(242, 100166983, '2023-05-06', 'غائب', 8, 1, 2),
(243, 100166984, '2023-05-06', 'غائب', 8, 1, 2),
(244, 100166985, '2023-05-06', 'غائب', 8, 1, 2),
(245, 100166986, '2023-05-06', 'غائب', 8, 1, 2),
(246, 100166987, '2023-05-06', 'غائب', 8, 1, 2),
(247, 100166988, '2023-05-06', 'حاضر', 8, 2, 2),
(248, 100166989, '2023-05-06', 'غائب', 8, 2, 2),
(249, 100166990, '2023-05-06', 'غائب', 8, 2, 2),
(250, 100166991, '2023-05-06', 'غائب', 8, 2, 2),
(251, 100166992, '2023-05-06', 'غائب', 8, 2, 2),
(252, 100166993, '2023-05-06', 'غائب', 8, 2, 2),
(253, 100166994, '2023-05-06', 'غائب', 8, 2, 2),
(254, 100166995, '2023-05-06', 'غائب', 8, 2, 2),
(255, 100166996, '2023-05-06', 'غائب', 8, 2, 2),
(256, 100166997, '2023-05-06', 'غائب', 8, 2, 2);

-- --------------------------------------------------------

--
-- Table structure for table `courses`
--

CREATE TABLE `courses` (
  `id` int(11) NOT NULL,
  `name` varchar(255) NOT NULL
) ENGINE=InnoDB DEFAULT CHARSET=utf8mb4 COLLATE=utf8mb4_general_ci;

--
-- Dumping data for table `courses`
--

INSERT INTO `courses` (`id`, `name`) VALUES
(7, 'اساسيات علوم الحاسب'),
(8, 'رياضيات منفصله'),
(9, 'لغه انجليزيه متخصصه'),
(10, 'اساسيات البرمجه'),
(11, 'دوائر منطقية و رقمية'),
(12, 'حساب التفاضل و التكامل'),
(13, 'اساسيات نظم المعلومات'),
(14, 'نظرية الاحتمالات و التوزيعات الاحصائية ( 1 )'),
(15, 'اساسيات تكنولوجيا المعلومات'),
(16, 'البرمجه الشيئيه'),
(17, 'حقوق الأنسان'),
(18, 'الجوانب الاخلاقية و الاجتماعية و المهنية'),
(19, 'الرسم بالحاسب'),
(20, 'اتصالات البيانات'),
(21, 'نظم قواعد البيانات'),
(22, 'نظرية الاحتمالات و التوزيعات الاحصائية ( 2 )	'),
(23, 'برمجة الويب'),
(24, 'تنظيم و بناء الحاسبات'),
(25, 'الجبر الخطى'),
(26, 'هياكل البيانات و تحليل الخوارزميات');

-- --------------------------------------------------------

--
-- Table structure for table `notes`
--

CREATE TABLE `notes` (
  `id` int(11) NOT NULL,
  `note` text DEFAULT NULL,
  `created_at` datetime NOT NULL,
  `parent_name` varchar(255) NOT NULL
) ENGINE=InnoDB DEFAULT CHARSET=utf8mb4 COLLATE=utf8mb4_general_ci;

-- --------------------------------------------------------

--
-- Table structure for table `sections`
--

CREATE TABLE `sections` (
  `id` int(11) NOT NULL,
  `section_name` varchar(255) NOT NULL
) ENGINE=InnoDB DEFAULT CHARSET=utf8mb4 COLLATE=utf8mb4_general_ci;

--
-- Dumping data for table `sections`
--

INSERT INTO `sections` (`id`, `section_name`) VALUES
(1, '1'),
(2, '2'),
(3, '3'),
(4, '4'),
(5, '5');

-- --------------------------------------------------------

--
-- Table structure for table `student`
--

CREATE TABLE `student` (
  `id` int(11) NOT NULL,
  `name` varchar(255) NOT NULL,
  `national_id` varchar(255) NOT NULL,
  `gender` varchar(255) NOT NULL,
  `date` date NOT NULL,
  `social_status` varchar(255) NOT NULL,
  `constraint_status` varchar(255) NOT NULL,
  `religon` varchar(255) NOT NULL,
  `image` varchar(255) NOT NULL,
  `national` varchar(255) NOT NULL,
  `residence` varchar(255) NOT NULL,
  `pass` varchar(255) NOT NULL,
  `national_id_father` varchar(255) NOT NULL,
  `name_father` varchar(255) NOT NULL,
  `team_id` int(11) DEFAULT NULL,
  `section_id` int(11) DEFAULT NULL
) ENGINE=InnoDB DEFAULT CHARSET=utf8mb4 COLLATE=utf8mb4_general_ci;

--
-- Dumping data for table `student`
--

INSERT INTO `student` (`id`, `name`, `national_id`, `gender`, `date`, `social_status`, `constraint_status`, `religon`, `image`, `national`, `residence`, `pass`, `national_id_father`, `name_father`, `team_id`, `section_id`) VALUES
(100166928, 'آسر احمد احمد ابوالنصر', '30045891201254', 'ذكر', '2004-01-10', 'اعزب', 'مستجد', 'مسلم', '', 'مصري', 'الدقهلية', '202cb962ac59075b964b07152d234b70', '30045891201455', 'احمد احمد ابوالنصر', 1, 1),
(100166929, 'آلاء السعيد محمد الجحر', '30045891201255', 'انثي', '0000-00-00', 'اعزب', 'مستجد', 'مسلم', '', 'مصري', 'الدقهلية', '202cb962ac59075b964b07152d234b70', '30045891201456', 'السعيد محمد الجحر', 1, 1),
(100166930, 'آلاء مرتضى على أحمد موسى', '30045891201256', 'انثي', '0000-00-00', 'اعزب', 'مستجد', 'مسلم', '', 'مصري', 'الدقهلية', '202cb962ac59075b964b07152d234b70', '30045891201457', 'مرتضى على أحمد موسى', 1, 1),
(100166931, 'آمانى عيد احمد على عبدالرحمن', '30045891201257', 'انثي', '1999-10-01', 'اعزب', 'مستجد', 'مسلم', '', 'مصري', 'الدقهلية', '202cb962ac59075b964b07152d234b70', '30045891201458', 'عيد احمد على عبدالرحمن', 1, 1),
(100166932, 'آيه توفيق مسعد ربيع', '30045891201258', 'انثي', '0000-00-00', 'اعزب', 'مستجد', 'مسلم', '', 'مصري', 'الدقهلية', '202cb962ac59075b964b07152d234b70', '30045891201459', 'توفيق مسعد ربيع', 1, 1),
(100166933, 'آيه حازم محمد المهدى متولى السيد', '30045891201259', 'انثي', '0000-00-00', 'اعزب', 'مستجد', 'مسلم', '', 'مصري', 'الدقهلية', '202cb962ac59075b964b07152d234b70', '30045891201460', 'حازم محمد المهدى متولى السيد', 1, 1),
(100166934, 'آيه فكرى مهنى الجمل', '30045891201260', 'انثي', '0000-00-00', 'اعزب', 'مستجد', 'مسلم', '', 'مصري', 'الدقهلية', '202cb962ac59075b964b07152d234b70', '30045891201461', 'فكرى مهنى الجمل', 1, 1),
(100166935, 'أبانوب رفيق بشرى رزق الله غطاس', '30045891201261', 'ذكر', '2004-10-09', 'اعزب', 'مستجد', 'مسيحي', '', 'مصري', 'الدقهلية', '202cb962ac59075b964b07152d234b70', '30045891201462', 'رفيق بشرى رزق الله غطاس', 1, 1),
(100166936, 'ابراهيم ممدوح منسى ابوالحديد', '30045891201262', 'ذكر', '1978-03-02', 'اعزب', 'مستجد', 'مسلم', '', 'مصري', 'الدقهلية', '202cb962ac59075b964b07152d234b70', '30045891201463', 'ممدوح منسى ابوالحديد', 1, 1),
(100166937, 'احمد الحسين السعيد ابراهيم', '30045891201263', 'ذكر', '1975-01-07', 'اعزب', 'مستجد', 'مسلم', '', 'مصري', 'الدقهلية', '202cb962ac59075b964b07152d234b70', '30045891201464', 'الحسين السعيد ابراهيم', 1, 1),
(100166938, 'احمد عاطف رضا الشعراوى', '30045891201264', 'ذكر', '2004-01-10', 'اعزب', 'مستجد', 'مسلم', '', 'مصري', 'الدقهلية', '202cb962ac59075b964b07152d234b70', '30045891201465', 'عاطف رضا الشعراوى', 1, 2),
(100166939, 'احمد عبدالله محمود الشاعر', '30045891201265', 'ذكر', '2004-10-10', 'اعزب', 'مستجد', 'مسلم', '', 'مصري', 'الدقهلية', '202cb962ac59075b964b07152d234b70', '30045891201466', 'عبدالله محمود الشاعر', 1, 2),
(100166940, 'احمد عيد السيد راغب', '30045891201266', 'ذكر', '1995-03-09', 'اعزب', 'مستجد', 'مسلم', '', 'مصري', 'الدقهلية', '202cb962ac59075b964b07152d234b70', '30045891201467', 'عيد السيد راغب', 1, 2),
(100166941, 'احمد ماجد محمد محمد عبد الرحمن', '30045891201267', 'ذكر', '0000-00-00', 'اعزب', 'مستجد', 'مسلم', '', 'مصري', 'الدقهلية', '202cb962ac59075b964b07152d234b70', '30045891201468', 'ماجد محمد محمد عبد الرحمن', 1, 2),
(100166942, 'احمد محمود محمد طيب ه', '30045891201268', 'ذكر', '2004-06-08', 'اعزب', 'مستجد', 'مسلم', '', 'مصري', 'الدقهلية', '202cb962ac59075b964b07152d234b70', '30045891201469', 'محمود محمد طيب ه', 1, 2),
(100166943, 'احمد ممدوح محمد محمود احم د', '30045891201269', 'ذكر', '0000-00-00', 'اعزب', 'مستجد', 'مسلم', '', 'مصري', 'الدقهلية', '202cb962ac59075b964b07152d234b70', '30045891201470', 'ممدوح محمد محمود احم د', 1, 2),
(100166944, 'اسراء اشرف محمد عبده الدي ب', '30045891201270', 'انثي', '0000-00-00', 'اعزب', 'مستجد', 'مسلم', '', 'مصري', 'الدقهلية', '202cb962ac59075b964b07152d234b70', '30045891201471', 'اشرف محمد عبده الدي ب', 1, 2),
(100166945, 'اسراء جمعه على محمود عبدالله', '30045891201271', 'انثي', '1999-08-11', 'اعزب', 'مستجد', 'مسلم', '', 'مصري', 'الدقهلية', '202cb962ac59075b964b07152d234b70', '30045891201472', 'جمعه على محمود عبدالله', 1, 2),
(100166946, 'اسراء عبد الستار عبد السلام ابراهيم على', '30045891201272', 'انثي', '0000-00-00', 'اعزب', 'مستجد', 'مسلم', '', 'مصري', 'الدقهلية', '202cb962ac59075b964b07152d234b70', '30045891201473', 'عبد الستار عبد السلام ابراهيم على', 1, 2),
(100166947, 'اسراء عصام محمد محمد عزب', '30045891201273', 'انثي', '0000-00-00', 'اعزب', 'مستجد', 'مسلم', '', 'مصري', 'الدقهلية', '202cb962ac59075b964b07152d234b70', '30045891201474', 'عصام محمد محمد عزب', 1, 2),
(100166948, 'اسراء محمد رفعت محمد الصيرمي', '30045891201274', 'انثي', '0000-00-00', 'اعزب', 'مستجد', 'مسلم', '', 'مصري', 'الدقهلية', '202cb962ac59075b964b07152d234b70', '30045891201475', 'محمد رفعت محمد الصيرمي', 1, 3),
(100166949, 'اسراء محمد فهيم راغب الطنطاوي', '30045891201275', 'انثي', '0000-00-00', 'اعزب', 'مستجد', 'مسلم', '', 'مصري', 'الدقهلية', '202cb962ac59075b964b07152d234b70', '30045891201476', 'محمد فهيم راغب الطنطاوي', 1, 3),
(100166950, 'اسلام السيد مصطفى محمد عوضين', '30045891201276', 'ذكر', '2004-05-02', 'اعزب', 'مستجد', 'مسلم', '', 'مصري', 'الدقهلية', '202cb962ac59075b964b07152d234b70', '30045891201477', 'السيد مصطفى محمد عوضين', 1, 3),
(100166951, 'اسلام زكريا محمد عبدالحميد', '30045891201277', 'ذكر', '2004-01-09', 'اعزب', 'مستجد', 'مسلم', '', 'مصري', 'الدقهلية', '202cb962ac59075b964b07152d234b70', '30045891201478', 'زكريا محمد عبدالحميد', 1, 3),
(100166952, 'اسلام طارق محمد محمد اسماعيل', '30045891201278', 'ذكر', '0000-00-00', 'اعزب', 'مستجد', 'مسلم', '', 'مصري', 'الدقهلية', '202cb962ac59075b964b07152d234b70', '30045891201479', 'طارق محمد محمد اسماعيل', 1, 3),
(100166953, 'اسلام عصام احمد حسنين عثمان', '30045891201279', 'ذكر', '0000-00-00', 'اعزب', 'مستجد', 'مسلم', '', 'مصري', 'الدقهلية', '202cb962ac59075b964b07152d234b70', '30045891201480', 'عصام احمد حسنين عثمان', 1, 3),
(100166954, 'اسماء ابراهيم محمد لبن', '30045891201280', 'انثي', '0000-00-00', 'اعزب', 'مستجد', 'مسلم', '', 'مصري', 'الدقهلية', '202cb962ac59075b964b07152d234b70', '30045891201481', 'ابراهيم محمد لبن', 1, 3),
(100166955, 'اسماء السيد احمد العربانى', '30045891201281', 'انثي', '2004-12-12', 'اعزب', 'مستجد', 'مسلم', '', 'مصري', 'الدقهلية', '202cb962ac59075b964b07152d234b70', '30045891201482', 'السيد احمد العربانى', 1, 3),
(100166956, 'اسماء العربى عطيه البربير', '30045891201282', 'انثي', '1981-03-12', 'اعزب', 'مستجد', 'مسلم', '', 'مصري', 'الدقهلية', '202cb962ac59075b964b07152d234b70', '30045891201483', 'العربى عطيه البربير', 1, 3),
(100166957, 'اسماء ايمن رجب فرحات', '30045891201283', 'انثي', '2000-01-08', 'اعزب', 'مستجد', 'مسلم', '', 'مصري', 'الدقهلية', '202cb962ac59075b964b07152d234b70', '30045891201484', 'ايمن رجب فرحات', 1, 3),
(100166958, 'اسماء نبيل عبداللطيف عبدالمطلب البدالى', '30045891201284', 'انثي', '2004-08-09', 'اعزب', 'مستجد', 'مسلم', '', 'مصري', 'الدقهلية', '202cb962ac59075b964b07152d234b70', '30045891201485', 'نبيل عبداللطيف عبدالمطلب البدالى', 1, 4),
(100166959, 'افروديت وائل رزق سجيد الداجن', '30045891201285', 'انثي', '0000-00-00', 'اعزب', 'مستجد', 'مسيحي', '', 'مصري', 'الدقهلية', '202cb962ac59075b964b07152d234b70', '30045891201486', 'وائل رزق سجيد الداجن', 1, 4),
(100166960, 'الاء حاتم احمد فايز عبد الغنى موسى', '30045891201286', 'انثي', '1999-09-09', 'اعزب', 'مستجد', 'مسلم', '', 'مصري', 'الدقهلية', '202cb962ac59075b964b07152d234b70', '30045891201487', 'حاتم احمد فايز عبد الغنى موسى', 1, 4),
(100166961, 'الحسين رضا عوض حافظ قاسم', '30045891201287', 'ذكر', '1980-03-04', 'اعزب', 'مستجد', 'مسلم', '', 'مصري', 'الدقهلية', '202cb962ac59075b964b07152d234b70', '30045891201488', 'رضا عوض حافظ قاسم', 1, 4),
(100166962, 'الشيماء عزمى السيد محمد العشرى', '30045891201288', 'انثي', '0000-00-00', 'اعزب', 'مستجد', 'مسلم', '', 'مصري', 'الدقهلية', '202cb962ac59075b964b07152d234b70', '30045891201489', 'عزمى السيد محمد العشرى', 1, 4),
(100166963, 'امانى السيد عبد الحميد عبد الحميد', '30045891201289', 'انثي', '1994-01-07', 'اعزب', 'مستجد', 'مسلم', '', 'مصري', 'الدقهلية', '202cb962ac59075b964b07152d234b70', '30045891201490', 'السيد عبد الحميد عبد الحميد', 1, 4),
(100166964, 'امانى ناجى محمد سليمان سليمان', '30045891201290', 'انثي', '1988-01-10', 'اعزب', 'مستجد', 'مسلم', '', 'مصري', 'الدقهلية', '202cb962ac59075b964b07152d234b70', '30045891201491', 'ناجى محمد سليمان سليمان', 1, 4),
(100166965, 'امل ايمن محمد سليمان العدوى', '30045891201291', 'انثي', '1992-09-01', 'اعزب', 'مستجد', 'مسلم', '', 'مصري', 'الدقهلية', '202cb962ac59075b964b07152d234b70', '30045891201492', 'ايمن محمد سليمان العدوى', 1, 4),
(100166966, 'اميرة اشرف فاضل الشعراوى', '30045891201292', 'انثي', '0000-00-00', 'اعزب', 'مستجد', 'مسلم', '', 'مصري', 'الدقهلية', '202cb962ac59075b964b07152d234b70', '30045891201493', 'اشرف فاضل الشعراوى', 1, 4),
(100166967, 'اميره البيلى عبدالرؤف حسن كريم', '30045891201293', 'انثي', '0000-00-00', 'اعزب', 'مستجد', 'مسلم', '', 'مصري', 'الدقهلية', '202cb962ac59075b964b07152d234b70', '30045891201494', 'البيلى عبدالرؤف حسن كريم', 1, 4),
(100166968, 'اميره محمد محمود احمد الحدا د', '30045891201294', 'انثي', '0000-00-00', 'اعزب', 'مستجد', 'مسلم', '', 'مصري', 'الدقهلية', '202cb962ac59075b964b07152d234b70', '30045891201495', 'محمد محمود احمد الحدا د', 1, 5),
(100166969, 'ايثار اشرف حلمى الديك', '30045891201295', 'انثي', '0000-00-00', 'اعزب', 'مستجد', 'مسلم', '', 'مصري', 'الدقهلية', '202cb962ac59075b964b07152d234b70', '30045891201496', 'اشرف حلمى الديك', 1, 5),
(100166970, 'ايمان اسماعيل عبد الله الحماقي', '30045891201296', 'انثي', '2000-01-01', 'اعزب', 'مستجد', 'مسلم', '', 'مصري', 'الدقهلية', '202cb962ac59075b964b07152d234b70', '30045891201497', 'اسماعيل عبد الله الحماقي', 1, 5),
(100166971, 'ايمان رمضان ابراهيم عمار', '30045891201297', 'انثي', '2003-05-04', 'اعزب', 'مستجد', 'مسلم', '', 'مصري', 'الدقهلية', '202cb962ac59075b964b07152d234b70', '30045891201498', 'رمضان ابراهيم عمار', 1, 5),
(100166972, 'ايمان عبد المولى السيد عبد المولى', '30045891201298', 'انثي', '0000-00-00', 'اعزب', 'مستجد', 'مسلم', '', 'مصري', 'الدقهلية', '202cb962ac59075b964b07152d234b70', '30045891201499', 'عبد المولى السيد عبد المولى', 1, 5),
(100166973, 'ايمان عصام محمد حافظ القلا', '30045891201299', 'انثي', '1999-11-08', 'اعزب', 'مستجد', 'مسلم', '', 'مصري', 'الدقهلية', '202cb962ac59075b964b07152d234b70', '30045891201500', 'عصام محمد حافظ القلا', 1, 5),
(100166974, 'ايمان على عبد الحميد ابراهيم البسطويسى', '30045891201300', 'انثي', '0000-00-00', 'اعزب', 'مستجد', 'مسلم', '', 'مصري', 'الدقهلية', '202cb962ac59075b964b07152d234b70', '30045891201501', 'على عبد الحميد ابراهيم البسطويسى', 1, 5),
(100166975, 'ايه حسن احمد على العيسوى', '30045891201301', 'انثي', '1997-08-06', 'اعزب', 'مستجد', 'مسلم', '', 'مصري', 'الدقهلية', '202cb962ac59075b964b07152d234b70', '30045891201502', 'حسن احمد على العيسوى', 1, 5),
(100166976, 'ايه رضا طه فايد', '30045891201302', 'انثي', '2004-01-12', 'اعزب', 'مستجد', 'مسلم', '', 'مصري', 'الدقهلية', '202cb962ac59075b964b07152d234b70', '30045891201503', 'رضا طه فايد', 1, 5),
(100166977, 'ايه طارق محمود محمد نافع', '30045891201303', 'انثي', '2004-01-01', 'اعزب', 'مستجد', 'مسلم', '', 'مصري', 'الدقهلية', '202cb962ac59075b964b07152d234b70', '30045891201504', 'طارق محمود محمد نافع', 1, 5),
(100166978, 'باسم حمدى محمد محمد شحاته', '30045891201304', 'ذكر', '1990-01-08', 'اعزب', 'مستجد', 'مسلم', '', 'مصري', 'الدقهلية', '202cb962ac59075b964b07152d234b70', '30045891201505', 'حمدى محمد محمد شحاته', 2, 1),
(100166979, 'بسمله عماد عوض الكارف', '30045891201305', 'انثي', '1983-01-10', 'اعزب', 'مستجد', 'مسلم', '', 'مصري', 'الدقهلية', '202cb962ac59075b964b07152d234b70', '30045891201506', 'عماد عوض الكارف', 2, 1),
(100166980, 'بسنت محمد علم الدين على الشربيني', '30045891201306', 'انثي', '0000-00-00', 'اعزب', 'مستجد', 'مسلم', '', 'مصري', 'الدقهلية', '202cb962ac59075b964b07152d234b70', '30045891201507', 'محمد علم الدين على الشربيني', 2, 1),
(100166981, 'تسنيم خالد فتحي رزق باشا', '30045891201307', 'انثي', '0000-00-00', 'اعزب', 'مستجد', 'مسلم', '', 'مصري', 'الدقهلية', '202cb962ac59075b964b07152d234b70', '30045891201508', 'خالد فتحي رزق باشا', 2, 1),
(100166982, 'تسنيم عبد الله محمد عبد الله رزق', '30045891201308', 'انثي', '0000-00-00', 'اعزب', 'مستجد', 'مسلم', '', 'مصري', 'الدقهلية', '202cb962ac59075b964b07152d234b70', '30045891201509', 'عبد الله محمد عبد الله رزق', 2, 1),
(100166983, 'تسنيم هيثم احمد الموافى', '30045891201309', 'انثي', '2004-01-10', 'اعزب', 'مستجد', 'مسلم', '', 'مصري', 'الدقهلية', '202cb962ac59075b964b07152d234b70', '30045891201510', 'هيثم احمد الموافى', 2, 1),
(100166984, 'تقى عماد الدين شاكر الليثى على', '30045891201310', 'انثي', '0000-00-00', 'اعزب', 'مستجد', 'مسلم', '', 'مصري', 'الدقهلية', '202cb962ac59075b964b07152d234b70', '30045891201511', 'عماد الدين شاكر الليثى على', 2, 1),
(100166985, 'ثريا محمد متولى محمد السويدى', '30045891201311', 'انثي', '1987-12-05', 'اعزب', 'مستجد', 'مسلم', '', 'مصري', 'الدقهلية', '202cb962ac59075b964b07152d234b70', '30045891201512', 'محمد متولى محمد السويدى', 2, 1),
(100166986, 'حنين خالد بركات الشربينى', '30045891201312', 'انثي', '0000-00-00', 'اعزب', 'مستجد', 'مسلم', '', 'مصري', 'الدقهلية', '202cb962ac59075b964b07152d234b70', '30045891201513', 'خالد بركات الشربينى', 2, 1),
(100166987, 'حنين محمد احمد البقساوى', '30045891201313', 'انثي', '0000-00-00', 'اعزب', 'مستجد', 'مسلم', '', 'مصري', 'الدقهلية', '202cb962ac59075b964b07152d234b70', '30045891201514', 'محمد احمد البقساوى', 2, 1),
(100166988, 'خالد عبد الستار عبد الرازق احمد بدوى', '30045891201314', 'ذكر', '0000-00-00', 'اعزب', 'مستجد', 'مسلم', '', 'مصري', 'الدقهلية', '202cb962ac59075b964b07152d234b70', '30045891201515', 'عبد الستار عبد الرازق احمد بدوى', 2, 2),
(100166989, 'خالد محمد على العتبانى', '30045891201315', 'ذكر', '1981-12-05', 'اعزب', 'مستجد', 'مسلم', '', 'مصري', 'الدقهلية', '202cb962ac59075b964b07152d234b70', '30045891201516', 'محمد على العتبانى', 2, 2),
(100166990, 'خلود جمال لطفى السعيد رمضان', '30045891201316', 'انثي', '1984-03-03', 'اعزب', 'مستجد', 'مسلم', '', 'مصري', 'الدقهلية', '202cb962ac59075b964b07152d234b70', '30045891201517', 'جمال لطفى السعيد رمضان', 2, 2),
(100166991, 'خلود خالد السيد رمضان النجار', '30045891201317', 'انثي', '1993-01-03', 'اعزب', 'مستجد', 'مسلم', '', 'مصري', 'الدقهلية', '202cb962ac59075b964b07152d234b70', '30045891201518', 'خالد السيد رمضان النجار', 2, 2),
(100166992, 'داليا احمد على احمد مصطفى', '30045891201318', 'انثي', '0000-00-00', 'اعزب', 'مستجد', 'مسلم', '', 'مصري', 'الدقهلية', '202cb962ac59075b964b07152d234b70', '30045891201519', 'احمد على احمد مصطفى', 2, 2),
(100166993, 'دعاء اشرف فريد احمد خضير', '30045891201319', 'انثي', '0000-00-00', 'اعزب', 'مستجد', 'مسلم', '', 'مصري', 'الدقهلية', '202cb962ac59075b964b07152d234b70', '30045891201520', 'اشرف فريد احمد خضير', 2, 2),
(100166994, 'ديما رفاعى سعد جرير', '30045891201320', 'انثي', '0000-00-00', 'اعزب', 'مستجد', 'مسيحي', '', 'مصري', 'الدقهلية', '202cb962ac59075b964b07152d234b70', '30045891201521', 'رفاعى سعد جرير', 2, 2),
(100166995, 'دينا حمدى ابراهيم الحفناوى', '30045891201321', 'انثي', '1979-01-09', 'اعزب', 'مستجد', 'مسلم', '', 'مصري', 'الدقهلية', '202cb962ac59075b964b07152d234b70', '30045891201522', 'حمدى ابراهيم الحفناوى', 2, 2),
(100166996, 'راقيه مجدى بدير رضوان', '30045891201322', 'انثي', '1991-03-01', 'اعزب', 'مستجد', 'مسلم', '', 'مصري', 'الدقهلية', '202cb962ac59075b964b07152d234b70', '30045891201523', 'مجدى بدير رضوان', 2, 2),
(100166997, 'رانيا محروس حسن اللاوندى', '30045891201323', 'انثي', '0000-00-00', 'اعزب', 'مستجد', 'مسلم', '', 'مصري', 'الدقهلية', '202cb962ac59075b964b07152d234b70', '30045891201524', 'محروس حسن اللاوندى', 2, 2),
(100166998, 'رحمه خالد محمد زكى ابوبكر', '30045891201324', 'انثي', '2004-08-09', 'اعزب', 'مستجد', 'مسلم', '', 'مصري', 'الدقهلية', '202cb962ac59075b964b07152d234b70', '30045891201525', 'خالد محمد زكى ابوبكر', 2, 3),
(100166999, 'رحمه محمد عبدالفتاح شحاته', '30045891201325', 'انثي', '2000-01-10', 'اعزب', 'مستجد', 'مسلم', '', 'مصري', 'الدقهلية', '202cb962ac59075b964b07152d234b70', '30045891201526', 'محمد عبدالفتاح شحاته', 2, 3),
(100167000, 'رحمه مصطفى السيد محمد حسيب الريس', '30045891201326', 'انثي', '1995-11-04', 'اعزب', 'مستجد', 'مسلم', '', 'مصري', 'الدقهلية', '202cb962ac59075b964b07152d234b70', '30045891201527', 'مصطفى السيد محمد حسيب الريس', 2, 3),
(100167001, 'ردينه ايمن عبدالهادى عبدالسلام الخليجى', '30045891201327', 'انثي', '1997-04-01', 'اعزب', 'مستجد', 'مسلم', '', 'مصري', 'الدقهلية', '202cb962ac59075b964b07152d234b70', '30045891201528', 'ايمن عبدالهادى عبدالسلام الخليجى', 2, 3),
(100167002, 'رغد محمد طه الدسوقى سليمان', '30045891201328', 'انثي', '0000-00-00', 'اعزب', 'مستجد', 'مسلم', '', 'مصري', 'الدقهلية', '202cb962ac59075b964b07152d234b70', '30045891201529', 'محمد طه الدسوقى سليمان', 2, 3),
(100167003, 'رقية محمد ابراهيم محمد العزبى', '30045891201329', 'انثي', '0000-00-00', 'اعزب', 'مستجد', 'مسلم', '', 'مصري', 'الدقهلية', '202cb962ac59075b964b07152d234b70', '30045891201530', 'محمد ابراهيم محمد العزبى', 2, 3),
(100167004, 'رنا حسن حسن عبده حميد', '30045891201330', 'انثي', '2000-07-05', 'اعزب', 'مستجد', 'مسلم', '', 'مصري', 'الدقهلية', '202cb962ac59075b964b07152d234b70', '30045891201531', 'حسن حسن عبده حميد', 2, 3),
(100167005, 'رنا عبدالفتاح فهمى البسيونى', '30045891201331', 'انثي', '0000-00-00', 'اعزب', 'مستجد', 'مسلم', '', 'مصري', 'الدقهلية', '202cb962ac59075b964b07152d234b70', '30045891201532', 'عبدالفتاح فهمى البسيونى', 2, 3),
(100167006, 'رنسى السعيد محمود محمود النجار', '30045891201332', 'انثي', '0000-00-00', 'اعزب', 'مستجد', 'مسلم', '', 'مصري', 'الدقهلية', '202cb962ac59075b964b07152d234b70', '30045891201533', 'السعيد محمود محمود النجار', 2, 3),
(100167007, 'رنيم اسامه العوضى عبد العزيز العوضي', '30045891201333', 'انثي', '2004-02-10', 'اعزب', 'مستجد', 'مسلم', '', 'مصري', 'الدقهلية', '202cb962ac59075b964b07152d234b70', '30045891201534', 'اسامه العوضى عبد العزيز العوضي', 2, 3),
(100167008, 'روان احمد الامام حشيش', '30045891201334', 'انثي', '0000-00-00', 'اعزب', 'مستجد', 'مسلم', '', 'مصري', 'الدقهلية', '202cb962ac59075b964b07152d234b70', '30045891201535', 'احمد الامام حشيش', 2, 3),
(100167009, 'روان عبد الرازق ابراهيم حجاج', '30045891201335', 'انثي', '1988-12-06', 'اعزب', 'مستجد', 'مسلم', '', 'مصري', 'الدقهلية', '202cb962ac59075b964b07152d234b70', '30045891201536', 'عبد الرازق ابراهيم حجاج', 2, 4),
(100167010, 'روان نعيم محمد محمد هيكل', '30045891201336', 'انثي', '1999-01-06', 'اعزب', 'مستجد', 'مسلم', '', 'مصري', 'الدقهلية', '202cb962ac59075b964b07152d234b70', '30045891201537', 'نعيم محمد محمد هيكل', 2, 4),
(100167011, 'روضه قدرى سامى زكى عبد الرحمن', '30045891201337', 'انثي', '0000-00-00', 'اعزب', 'مستجد', 'مسلم', '', 'مصري', 'الدقهلية', '202cb962ac59075b964b07152d234b70', '30045891201538', 'قدرى سامى زكى عبد الرحمن', 2, 4),
(100167012, 'روفائيل سامح حكيم جرجس', '30045891201338', 'ذكر', '0000-00-00', 'اعزب', 'مستجد', 'مسيحي', '', 'مصري', 'الدقهلية', '202cb962ac59075b964b07152d234b70', '30045891201539', 'سامح حكيم جرجس', 2, 4),
(100167013, 'زهور عبد الفتاح محمد عبد الفتاح احمد', '30045891201339', 'انثي', '0000-00-00', 'اعزب', 'مستجد', 'مسلم', '', 'مصري', 'الدقهلية', '202cb962ac59075b964b07152d234b70', '30045891201540', 'عبد الفتاح محمد عبد الفتاح احمد', 2, 4),
(100167014, 'زياد السعيد مسعد عوض', '30045891201340', 'ذكر', '0000-00-00', 'اعزب', 'مستجد', 'مسلم', '', 'مصري', 'الدقهلية', '202cb962ac59075b964b07152d234b70', '30045891201541', 'السعيد مسعد عوض', 2, 4),
(100167015, 'زينب أحمد وحيد قابل', '30045891201341', 'انثي', '1996-01-09', 'اعزب', 'مستجد', 'مسلم', '', 'مصري', 'الدقهلية', '202cb962ac59075b964b07152d234b70', '30045891201542', 'أحمد وحيد قابل', 2, 4),
(100167016, 'زينب عيد رمضان عوض البيلى', '30045891201342', 'انثي', '1997-05-10', 'اعزب', 'مستجد', 'مسلم', '', 'مصري', 'الدقهلية', '202cb962ac59075b964b07152d234b70', '30045891201543', 'عيد رمضان عوض البيلى', 2, 4),
(100167017, 'سارة اشرف عبده محمد الداودى', '30045891201343', 'انثي', '0000-00-00', 'اعزب', 'مستجد', 'مسلم', '', 'مصري', 'الدقهلية', '202cb962ac59075b964b07152d234b70', '30045891201544', 'اشرف عبده محمد الداودى', 2, 4),
(100167018, 'سارة محمد فكرى ابورجب', '30045891201344', 'انثي', '1983-07-06', 'اعزب', 'مستجد', 'مسلم', '', 'مصري', 'الدقهلية', '202cb962ac59075b964b07152d234b70', '30045891201545', 'محمد فكرى ابورجب', 2, 4),
(100167019, 'ساره اسامه عبدالوهاب محمد مصطفى', '30045891201345', 'انثي', '0000-00-00', 'اعزب', 'مستجد', 'مسلم', '', 'مصري', 'الدقهلية', '202cb962ac59075b964b07152d234b70', '30045891201546', 'اسامه عبدالوهاب محمد مصطفى', 2, 5),
(100167020, 'ساره اشرف احمد سمير الحرايرى', '30045891201346', 'انثي', '0000-00-00', 'اعزب', 'مستجد', 'مسلم', '', 'مصري', 'الدقهلية', '202cb962ac59075b964b07152d234b70', '30045891201547', 'اشرف احمد سمير الحرايرى', 2, 5),
(100167021, 'ساره عبدالحميد سيد احمد عامر', '30045891201347', 'انثي', '0000-00-00', 'اعزب', 'مستجد', 'مسلم', '', 'مصري', 'الدقهلية', '202cb962ac59075b964b07152d234b70', '30045891201548', 'عبدالحميد سيد احمد عامر', 2, 5),
(100167022, 'ساره محمد على على حجازى', '30045891201348', 'انثي', '0000-00-00', 'اعزب', 'مستجد', 'مسلم', '', 'مصري', 'الدقهلية', '202cb962ac59075b964b07152d234b70', '30045891201549', 'محمد على على حجازى', 2, 5),
(100167023, 'ساره معوض المتولى معوض', '30045891201349', 'انثي', '1993-05-01', 'اعزب', 'مستجد', 'مسلم', '', 'مصري', 'الدقهلية', '202cb962ac59075b964b07152d234b70', '30045891201550', 'معوض المتولى معوض', 2, 5),
(100167024, 'سحر عاطف عبداللطيف احمد المصل ى', '30045891201350', 'انثي', '0000-00-00', 'اعزب', 'مستجد', 'مسلم', '', 'مصري', 'الدقهلية', '202cb962ac59075b964b07152d234b70', '30045891201551', 'عاطف عبداللطيف احمد المصل ى', 2, 5),
(100167025, 'سلسبيل موسى محمد موسى حوا س', '30045891201351', 'انثي', '0000-00-00', 'اعزب', 'مستجد', 'مسلم', '', 'مصري', 'الدقهلية', '202cb962ac59075b964b07152d234b70', '30045891201552', 'موسى محمد موسى حوا س', 2, 5),
(100167026, 'سلمى محمد السيد الخياط', '30045891201352', 'انثي', '0000-00-00', 'اعزب', 'مستجد', 'مسلم', '', 'مصري', 'الدقهلية', '202cb962ac59075b964b07152d234b70', '30045891201553', 'محمد السيد الخياط', 2, 5),
(100167027, 'سلوان عادل محمد ابراهيم ابراهيم', '30045891201353', 'انثي', '0000-00-00', 'اعزب', 'مستجد', 'مسلم', '', 'مصري', 'الدقهلية', '202cb962ac59075b964b07152d234b70', '30045891201554', 'عادل محمد ابراهيم ابراهيم', 2, 5),
(100167028, 'سلوى ايهاب عبد القادر حافظ فرحات', '30045891201354', 'انثي', '0000-00-00', 'اعزب', 'مستجد', 'مسلم', '', 'مصري', 'الدقهلية', '202cb962ac59075b964b07152d234b70', '30045891201555', 'ايهاب عبد القادر حافظ فرحات', 2, 5),
(100167029, 'سما احمد محمود السيد البنا', '30045891201355', 'انثي', '1983-09-03', 'اعزب', 'مستجد', 'مسلم', '', 'مصري', 'الدقهلية', '202cb962ac59075b964b07152d234b70', '30045891201556', 'احمد محمود السيد البنا', 3, 1),
(100167030, 'سما سامى ابراهيم الدقناوى', '30045891201356', 'انثي', '1989-01-07', 'اعزب', 'مستجد', 'مسلم', '', 'مصري', 'الدقهلية', '202cb962ac59075b964b07152d234b70', '30045891201557', 'سامى ابراهيم الدقناوى', 3, 1),
(100167031, 'سمير عصام سمير ابراهيم شويقه', '30045891201357', 'ذكر', '1970-07-05', 'اعزب', 'مستجد', 'مسلم', '', 'مصري', 'الدقهلية', '202cb962ac59075b964b07152d234b70', '30045891201558', 'عصام سمير ابراهيم شويقه', 3, 1),
(100167032, 'شدوه سامح ابراهيم عاطف اسماعيل', '30045891201358', 'انثي', '0000-00-00', 'اعزب', 'مستجد', 'مسلم', '', 'مصري', 'الدقهلية', '202cb962ac59075b964b07152d234b70', '30045891201559', 'سامح ابراهيم عاطف اسماعيل', 3, 1),
(100167033, 'شهد اشرف محمد البداوى', '30045891201359', 'انثي', '0000-00-00', 'اعزب', 'مستجد', 'مسلم', '', 'مصري', 'الدقهلية', '202cb962ac59075b964b07152d234b70', '30045891201560', 'اشرف محمد البداوى', 3, 1),
(100167034, 'شيماء السيد السيد وردا ن', '30045891201360', 'انثي', '0000-00-00', 'اعزب', 'مستجد', 'مسلم', '', 'مصري', 'الدقهلية', '202cb962ac59075b964b07152d234b70', '30045891201561', 'السيد السيد وردا ن', 3, 1),
(100167035, 'شيماء عبده أحمد حسوبه', '30045891201361', 'انثي', '0000-00-00', 'اعزب', 'مستجد', 'مسلم', '', 'مصري', 'الدقهلية', '202cb962ac59075b964b07152d234b70', '30045891201562', 'عبده أحمد حسوبه', 3, 1),
(100167036, 'صفا رفعت عبده الشوه', '30045891201362', 'انثي', '2004-12-08', 'اعزب', 'مستجد', 'مسلم', '', 'مصري', 'الدقهلية', '202cb962ac59075b964b07152d234b70', '30045891201563', 'رفعت عبده الشوه', 3, 1),
(100167037, 'عبد الرحمن احمد الخضرى محمد عرنوس', '30045891201363', 'ذكر', '0000-00-00', 'اعزب', 'مستجد', 'مسلم', '', 'مصري', 'الدقهلية', '202cb962ac59075b964b07152d234b70', '30045891201564', 'الرحمن احمد الخضرى محمد عرنوس', 3, 1),
(100167038, 'عبد الرحمن محمد حسنى شيخ العرب بلله', '30045891201364', 'ذكر', '1995-03-01', 'اعزب', 'مستجد', 'مسلم', '', 'مصري', 'الدقهلية', '202cb962ac59075b964b07152d234b70', '30045891201565', 'الرحمن محمد حسنى شيخ العرب بلله', 3, 1),
(100167039, 'عبدالحليم اسامه عبدالحليم عبدالحميد', '30045891201365', 'ذكر', '0000-00-00', 'اعزب', 'مستجد', 'مسلم', '', 'مصري', 'الدقهلية', '202cb962ac59075b964b07152d234b70', '30045891201566', 'اسامه عبدالحليم عبدالحميد', 3, 2),
(100167040, 'عبدالرحمن مصطفى محمد مصطفى البزاوى', '30045891201366', 'ذكر', '0000-00-00', 'اعزب', 'مستجد', 'مسلم', '', 'مصري', 'الدقهلية', '202cb962ac59075b964b07152d234b70', '30045891201567', 'مصطفى محمد مصطفى البزاوى', 3, 2),
(100167041, 'علا جمال عبدالله الشافعى درويش', '30045891201367', 'انثي', '0000-00-00', 'اعزب', 'مستجد', 'مسلم', '', 'مصري', 'الدقهلية', '202cb962ac59075b964b07152d234b70', '30045891201568', 'جمال عبدالله الشافعى درويش', 3, 2),
(100167042, 'علا عصام ماهر الشحات حتاته', '30045891201368', 'انثي', '1994-01-01', 'اعزب', 'مستجد', 'مسلم', '', 'مصري', 'الدقهلية', '202cb962ac59075b964b07152d234b70', '30045891201569', 'عصام ماهر الشحات حتاته', 3, 2),
(100167043, 'علا محمد خضر خضر رزق', '30045891201369', 'انثي', '0000-00-00', 'اعزب', 'مستجد', 'مسلم', '', 'مصري', 'الدقهلية', '202cb962ac59075b964b07152d234b70', '30045891201570', 'محمد خضر خضر رزق', 3, 2),
(100167044, 'على محمد على احمد على سليمان', '30045891201370', 'ذكر', '1993-01-05', 'اعزب', 'مستجد', 'مسلم', '', 'مصري', 'الدقهلية', '202cb962ac59075b964b07152d234b70', '30045891201571', 'محمد على احمد على سليمان', 3, 2),
(100167045, 'عمر سمير محمد فهمى', '30045891201371', 'ذكر', '1975-01-07', 'اعزب', 'مستجد', 'مسلم', '', 'مصري', 'الدقهلية', '202cb962ac59075b964b07152d234b70', '30045891201572', 'سمير محمد فهمى', 3, 2),
(100167046, 'عمر صلاح حسين محمد بهيج', '30045891201372', 'ذكر', '0000-00-00', 'اعزب', 'مستجد', 'مسلم', '', 'مصري', 'الدقهلية', '202cb962ac59075b964b07152d234b70', '30045891201573', 'صلاح حسين محمد بهيج', 3, 2),
(100167047, 'عمر مسعد مسعد السعيد عصر', '30045891201373', 'ذكر', '0000-00-00', 'اعزب', 'مستجد', 'مسلم', '', 'مصري', 'الدقهلية', '202cb962ac59075b964b07152d234b70', '30045891201574', 'مسعد مسعد السعيد عصر', 3, 2),
(100167048, 'عمرو عصام احمد حسنين عثمان', '30045891201374', 'ذكر', '0000-00-00', 'اعزب', 'مستجد', 'مسلم', '', 'مصري', 'الدقهلية', '202cb962ac59075b964b07152d234b70', '30045891201575', 'عصام احمد حسنين عثمان', 3, 2),
(100167049, 'عنان وليد محمد ربيع ابوالعلا', '30045891201375', 'ذكر', '2004-01-12', 'اعزب', 'مستجد', 'مسلم', '', 'مصري', 'الدقهلية', '202cb962ac59075b964b07152d234b70', '30045891201576', 'وليد محمد ربيع ابوالعلا', 3, 3),
(100167050, 'غاده فوزى مسعد ابوالعز', '30045891201376', 'انثي', '1996-05-02', 'اعزب', 'مستجد', 'مسلم', '', 'مصري', 'الدقهلية', '202cb962ac59075b964b07152d234b70', '30045891201577', 'فوزى مسعد ابوالعز', 3, 3),
(100167051, 'فاطمه ابراهيم عبد المجيد مصطفي الكوش', '30045891201377', 'انثي', '0000-00-00', 'اعزب', 'مستجد', 'مسلم', '', 'مصري', 'الدقهلية', '202cb962ac59075b964b07152d234b70', '30045891201578', 'ابراهيم عبد المجيد مصطفي الكوش', 3, 3),
(100167052, 'فاطمه احمد القشاوى السيد الوصيف', '30045891201378', 'انثي', '0000-00-00', 'اعزب', 'مستجد', 'مسلم', '', 'مصري', 'الدقهلية', '202cb962ac59075b964b07152d234b70', '30045891201579', 'احمد القشاوى السيد الوصيف', 3, 3),
(100167053, 'فاطمه الزهراء محمد طه محمود البرعي', '30045891201379', 'انثي', '0000-00-00', 'اعزب', 'مستجد', 'مسلم', '', 'مصري', 'الدقهلية', '202cb962ac59075b964b07152d234b70', '30045891201580', 'الزهراء محمد طه محمود البرعي', 3, 3),
(100167054, 'فاطمه رفعت احمد محمود سيد احمد', '30045891201380', 'انثي', '2004-01-10', 'اعزب', 'مستجد', 'مسلم', '', 'مصري', 'الدقهلية', '202cb962ac59075b964b07152d234b70', '30045891201581', 'رفعت احمد محمود سيد احمد', 3, 3),
(100167055, 'كريم مسعد على عبدالوهاب رمضان', '30045891201381', 'ذكر', '0000-00-00', 'اعزب', 'مستجد', 'مسلم', '', 'مصري', 'الدقهلية', '202cb962ac59075b964b07152d234b70', '30045891201582', 'مسعد على عبدالوهاب رمضان', 3, 3),
(100167056, 'كنزى محسن محمد قتيلو', '30045891201382', 'انثي', '2003-01-09', 'اعزب', 'مستجد', 'مسلم', '', 'مصري', 'الدقهلية', '202cb962ac59075b964b07152d234b70', '30045891201583', 'محسن محمد قتيلو', 3, 3),
(100167057, 'كوثر محمود على محمود', '30045891201383', 'انثي', '0000-00-00', 'اعزب', 'مستجد', 'مسلم', '', 'مصري', 'الدقهلية', '202cb962ac59075b964b07152d234b70', '30045891201584', 'محمود على محمود', 3, 3),
(100167058, 'كيرلس عماد عبدالتواب ميخائيل جرجس', '30045891201384', 'ذكر', '0000-00-00', 'اعزب', 'مستجد', 'مسلم', '', 'مصري', 'الدقهلية', '202cb962ac59075b964b07152d234b70', '30045891201585', 'عماد عبدالتواب ميخائيل جرجس', 3, 3),
(100167059, 'لجين سعيد الدسوقى عبده الليثى', '30045891201385', 'انثي', '0000-00-00', 'اعزب', 'مستجد', 'مسلم', '', 'مصري', 'الدقهلية', '202cb962ac59075b964b07152d234b70', '30045891201586', 'سعيد الدسوقى عبده الليثى', 3, 4),
(100167060, 'ليالى محمد محمد أبوحشيش', '30045891201386', 'انثي', '2004-09-03', 'اعزب', 'مستجد', 'مسلم', '', 'مصري', 'الدقهلية', '202cb962ac59075b964b07152d234b70', '30045891201587', 'محمد محمد أبوحشيش', 3, 4),
(100167061, 'لينا عبد الرحمن احمد احمد احمد مصطفى', '30045891201387', 'انثي', '1999-01-11', 'اعزب', 'مستجد', 'مسلم', '', 'مصري', 'الدقهلية', '202cb962ac59075b964b07152d234b70', '30045891201588', 'عبد الرحمن احمد احمد احمد مصطفى', 3, 4),
(100167062, 'مازن احمد ربيع احمد سلمان', '30045891201388', 'ذكر', '0000-00-00', 'اعزب', 'مستجد', 'مسلم', '', 'مصري', 'الدقهلية', '202cb962ac59075b964b07152d234b70', '30045891201589', 'احمد ربيع احمد سلمان', 3, 4),
(100167063, 'مازن محمود ابوالفتوح جمعه', '30045891201389', 'ذكر', '2005-01-01', 'اعزب', 'مستجد', 'مسلم', '', 'مصري', 'الدقهلية', '202cb962ac59075b964b07152d234b70', '30045891201590', 'محمود ابوالفتوح جمعه', 3, 4),
(100167064, 'ماهيتاب جوده جابر عبد النبى فته', '30045891201390', 'انثي', '2005-01-03', 'اعزب', 'مستجد', 'مسلم', '', 'مصري', 'الدقهلية', '202cb962ac59075b964b07152d234b70', '30045891201591', 'جوده جابر عبد النبى فته', 3, 4),
(100167065, 'محمد اسامه الشحات ابراهيم على', '30045891201391', 'ذكر', '0000-00-00', 'اعزب', 'مستجد', 'مسلم', '', 'مصري', 'الدقهلية', '202cb962ac59075b964b07152d234b70', '30045891201592', 'اسامه الشحات ابراهيم على', 3, 4),
(100167066, 'محمد السيد سعد الدسوقى حطب', '30045891201392', 'ذكر', '0000-00-00', 'اعزب', 'مستجد', 'مسلم', '', 'مصري', 'الدقهلية', '202cb962ac59075b964b07152d234b70', '30045891201593', 'السيد سعد الدسوقى حطب', 3, 4),
(100167067, 'محمد ايمن مسعد عبد الرحمن ابو الخير', '30045891201393', 'ذكر', '0000-00-00', 'اعزب', 'مستجد', 'مسلم', '', 'مصري', 'الدقهلية', '202cb962ac59075b964b07152d234b70', '30045891201594', 'ايمن مسعد عبد الرحمن ابو الخير', 3, 4),
(100167068, 'محمد جمال نبيه شبانه', '30045891201394', 'ذكر', '0000-00-00', 'اعزب', 'مستجد', 'مسلم', '', 'مصري', 'الدقهلية', '202cb962ac59075b964b07152d234b70', '30045891201595', 'جمال نبيه شبانه', 3, 4),
(100167069, 'محمد رفعت احمد ابراهيم الشيخى', '30045891201395', 'ذكر', '1994-01-01', 'اعزب', 'مستجد', 'مسلم', '', 'مصري', 'الدقهلية', '202cb962ac59075b964b07152d234b70', '30045891201596', 'رفعت احمد ابراهيم الشيخى', 3, 5),
(100167070, 'محمد طارق محمد محمد عبد الله', '30045891201396', 'ذكر', '0000-00-00', 'اعزب', 'مستجد', 'مسلم', '', 'مصري', 'الدقهلية', '202cb962ac59075b964b07152d234b70', '30045891201597', 'طارق محمد محمد عبد الله', 3, 5),
(100167071, 'محمد عبد الرحمن جمعه أحمد جمعه واصل', '30045891201397', 'ذكر', '0000-00-00', 'اعزب', 'مستجد', 'مسلم', '', 'مصري', 'الدقهلية', '202cb962ac59075b964b07152d234b70', '30045891201598', 'عبد الرحمن جمعه أحمد جمعه واصل', 3, 5),
(100167072, 'محمود احمد محمود فت', '30045891201398', 'ذكر', '0000-00-00', 'اعزب', 'مستجد', 'مسلم', '', 'مصري', 'الدقهلية', '202cb962ac59075b964b07152d234b70', '30045891201599', 'احمد محمود فت', 3, 5),
(100167073, 'محمود سامى عطيه على فاضل', '30045891201399', 'ذكر', '1993-01-01', 'اعزب', 'مستجد', 'مسلم', '', 'مصري', 'الدقهلية', '202cb962ac59075b964b07152d234b70', '30045891201600', 'سامى عطيه على فاضل', 3, 5),
(100167074, 'محمود محمد حسين على عيد', '30045891201400', 'ذكر', '1996-03-02', 'اعزب', 'مستجد', 'مسلم', '', 'مصري', 'الدقهلية', '202cb962ac59075b964b07152d234b70', '30045891201601', 'محمد حسين على عيد', 3, 5),
(100167075, 'محمود محمد محمود احمد عباس', '30045891201401', 'ذكر', '1994-06-07', 'اعزب', 'مستجد', 'مسلم', '', 'مصري', 'الدقهلية', '202cb962ac59075b964b07152d234b70', '30045891201602', 'محمد محمود احمد عباس', 3, 5),
(100167076, 'مديحه يحيى حلمى الفار', '30045891201402', 'انثي', '1992-01-03', 'اعزب', 'مستجد', 'مسلم', '', 'مصري', 'الدقهلية', '202cb962ac59075b964b07152d234b70', '30045891201603', 'يحيى حلمى الفار', 3, 5),
(100167077, 'مرام خالد حامد محيلب', '30045891201403', 'انثي', '2000-10-04', 'اعزب', 'مستجد', 'مسلم', '', 'مصري', 'الدقهلية', '202cb962ac59075b964b07152d234b70', '30045891201604', 'خالد حامد محيلب', 3, 5),
(100167078, 'مريم حسن ابراهيم الديب', '30045891201404', 'انثي', '0000-00-00', 'اعزب', 'مستجد', 'مسلم', '', 'مصري', 'الدقهلية', '202cb962ac59075b964b07152d234b70', '30045891201605', 'حسن ابراهيم الديب', 3, 5),
(100167079, 'مريم حسن على شطا', '30045891201405', 'انثي', '1987-07-12', 'اعزب', 'مستجد', 'مسلم', '', 'مصري', 'الدقهلية', '202cb962ac59075b964b07152d234b70', '30045891201606', 'حسن على شطا', 3, 5),
(100167080, 'مريم حسن محمد فرج', '30045891201406', 'انثي', '0000-00-00', 'اعزب', 'مستجد', 'مسلم', '', 'مصري', 'الدقهلية', '202cb962ac59075b964b07152d234b70', '30045891201607', 'حسن محمد فرج', 4, 1),
(100167081, 'مريم خالد محمود حسن الامبابى', '30045891201407', 'انثي', '1997-06-10', 'اعزب', 'مستجد', 'مسلم', '', 'مصري', 'الدقهلية', '202cb962ac59075b964b07152d234b70', '30045891201608', 'خالد محمود حسن الامبابى', 4, 1),
(100167082, 'مريم سامح محمد العلمى', '30045891201408', 'انثي', '2004-01-10', 'اعزب', 'مستجد', 'مسلم', '', 'مصري', 'الدقهلية', '202cb962ac59075b964b07152d234b70', '30045891201609', 'سامح محمد العلمى', 4, 1),
(100167083, 'مريم شريف المتولى الجمل', '30045891201409', 'انثي', '1992-06-11', 'اعزب', 'مستجد', 'مسلم', '', 'مصري', 'الدقهلية', '202cb962ac59075b964b07152d234b70', '30045891201610', 'شريف المتولى الجمل', 4, 1),
(100167084, 'مريم كامل احمد حسن كامل الجندى', '30045891201410', 'انثي', '0000-00-00', 'اعزب', 'مستجد', 'مسلم', '', 'مصري', 'الدقهلية', '202cb962ac59075b964b07152d234b70', '30045891201611', 'كامل احمد حسن كامل الجندى', 4, 1),
(100167085, 'مريم مجدى عيد سليمان عبد الرحمن', '30045891201411', 'انثي', '0000-00-00', 'اعزب', 'مستجد', 'مسلم', '', 'مصري', 'الدقهلية', '202cb962ac59075b964b07152d234b70', '30045891201612', 'مجدى عيد سليمان عبد الرحمن', 4, 1),
(100167086, 'مريم مصطفى احمد عبد الباقى', '30045891201412', 'انثي', '1992-02-08', 'اعزب', 'مستجد', 'مسلم', '', 'مصري', 'الدقهلية', '202cb962ac59075b964b07152d234b70', '30045891201613', 'مصطفى احمد عبد الباقى', 4, 1),
(100167087, 'مريم وليد خليل خليل عيسى', '30045891201413', 'انثي', '1983-03-01', 'اعزب', 'مستجد', 'مسلم', '', 'مصري', 'الدقهلية', '202cb962ac59075b964b07152d234b70', '30045891201614', 'وليد خليل خليل عيسى', 4, 1),
(100167088, 'مريم ياسر السعيد عبد اللطيف', '30045891201414', 'انثي', '1999-01-09', 'اعزب', 'مستجد', 'مسلم', '', 'مصري', 'الدقهلية', '202cb962ac59075b964b07152d234b70', '30045891201615', 'ياسر السعيد عبد اللطيف', 4, 1),
(100167089, 'مريهان مجدى فكرى احمد احمد الحديدى', '30045891201415', 'انثي', '2004-12-12', 'اعزب', 'مستجد', 'مسلم', '', 'مصري', 'الدقهلية', '202cb962ac59075b964b07152d234b70', '30045891201616', 'مجدى فكرى احمد احمد الحديدى', 4, 1),
(100167090, 'مريهان محمد صبحى بهنسى', '30045891201416', 'انثي', '0000-00-00', 'اعزب', 'مستجد', 'مسلم', '', 'مصري', 'الدقهلية', '202cb962ac59075b964b07152d234b70', '30045891201617', 'محمد صبحى بهنسى', 4, 2),
(100167091, 'مشيره محسن على محمد عطيه', '30045891201417', 'انثي', '0000-00-00', 'اعزب', 'مستجد', 'مسلم', '', 'مصري', 'الدقهلية', '202cb962ac59075b964b07152d234b70', '30045891201618', 'محسن على محمد عطيه', 4, 2),
(100167092, 'مصطفى السيد جاد ابو الاسرار جاد داود', '30045891201418', 'ذكر', '0000-00-00', 'اعزب', 'مستجد', 'مسلم', '', 'مصري', 'الدقهلية', '202cb962ac59075b964b07152d234b70', '30045891201619', 'السيد جاد ابو الاسرار جاد داود', 4, 2),
(100167093, 'منار رمضان السيد ابراهيم مشعل', '30045891201419', 'انثي', '1976-01-04', 'اعزب', 'مستجد', 'مسلم', '', 'مصري', 'الدقهلية', '202cb962ac59075b964b07152d234b70', '30045891201620', 'رمضان السيد ابراهيم مشعل', 4, 2),
(100167094, 'منار طاهر ابوزيد مجاهد منسى', '30045891201420', 'انثي', '0000-00-00', 'اعزب', 'مستجد', 'مسلم', '', 'مصري', 'الدقهلية', '202cb962ac59075b964b07152d234b70', '30045891201621', 'طاهر ابوزيد مجاهد منسى', 4, 2),
(100167095, 'منار محسن شكرى دسوقى السكرى', '30045891201421', 'انثي', '1984-05-07', 'اعزب', 'مستجد', 'مسلم', '', 'مصري', 'الدقهلية', '202cb962ac59075b964b07152d234b70', '30045891201622', 'محسن شكرى دسوقى السكرى', 4, 2),
(100167096, 'منال خليل محمد البربير', '30045891201422', 'انثي', '1999-12-01', 'اعزب', 'مستجد', 'مسلم', '', 'مصري', 'الدقهلية', '202cb962ac59075b964b07152d234b70', '30045891201623', 'خليل محمد البربير', 4, 2),
(100167097, 'منه الله شفيق محمد المهد ى', '30045891201423', 'انثي', '2000-11-04', 'اعزب', 'مستجد', 'مسلم', '', 'مصري', 'الدقهلية', '202cb962ac59075b964b07152d234b70', '30045891201624', 'الله شفيق محمد المهد ى', 4, 2),
(100167098, 'منه الله صلاح عبد الهادى احمد عبد الغنى', '30045891201424', 'انثي', '0000-00-00', 'اعزب', 'مستجد', 'مسلم', '', 'مصري', 'الدقهلية', '202cb962ac59075b964b07152d234b70', '30045891201625', 'الله صلاح عبد الهادى احمد عبد الغنى', 4, 2),
(100167099, 'منه مجدى عباس مصطفى الطنطاوى', '30045891201425', 'انثي', '1997-12-02', 'اعزب', 'مستجد', 'مسلم', '', 'مصري', 'الدقهلية', '202cb962ac59075b964b07152d234b70', '30045891201626', 'مجدى عباس مصطفى الطنطاوى', 4, 2),
(100167100, 'منى محمد السيد السيد الإمام', '30045891201426', 'انثي', '0000-00-00', 'اعزب', 'مستجد', 'مسلم', '', 'مصري', 'الدقهلية', '202cb962ac59075b964b07152d234b70', '30045891201627', 'محمد السيد السيد الإمام', 4, 3),
(100167101, 'مها عبدالفتاح محمد كمال الباز', '30045891201427', 'انثي', '0000-00-00', 'اعزب', 'مستجد', 'مسلم', '', 'مصري', 'الدقهلية', '202cb962ac59075b964b07152d234b70', '30045891201628', 'عبدالفتاح محمد كمال الباز', 4, 3),
(100167102, 'مهاب حامد متولى الفيوم ى', '30045891201428', 'ذكر', '1974-05-01', 'اعزب', 'مستجد', 'مسلم', '', 'مصري', 'الدقهلية', '202cb962ac59075b964b07152d234b70', '30045891201629', 'حامد متولى الفيوم ى', 4, 3),
(100167103, 'مهند ايهاب مصطفى عبد العظيم', '30045891201429', 'ذكر', '0000-00-00', 'اعزب', 'مستجد', 'مسلم', '', 'مصري', 'الدقهلية', '202cb962ac59075b964b07152d234b70', '30045891201630', 'ايهاب مصطفى عبد العظيم', 4, 3),
(100167104, 'موده محمد راغب حسن', '30045891201430', 'انثي', '2000-12-06', 'اعزب', 'مستجد', 'مسلم', '', 'مصري', 'الدقهلية', '202cb962ac59075b964b07152d234b70', '30045891201631', 'محمد راغب حسن', 4, 3),
(100167105, 'ميار ابراهيم ابو بكر السيد رمضان', '30045891201431', 'انثي', '0000-00-00', 'اعزب', 'مستجد', 'مسلم', '', 'مصري', 'الدقهلية', '202cb962ac59075b964b07152d234b70', '30045891201632', 'ابراهيم ابو بكر السيد رمضان', 4, 3),
(100167106, 'ميار محمد السيد ابورجب', '30045891201432', 'انثي', '1983-07-04', 'اعزب', 'مستجد', 'مسلم', '', 'مصري', 'الدقهلية', '202cb962ac59075b964b07152d234b70', '30045891201633', 'محمد السيد ابورجب', 4, 3),
(100167107, 'ميار ياسر فهمى عرنسه', '30045891201433', 'انثي', '0000-00-00', 'اعزب', 'مستجد', 'مسلم', '', 'مصري', 'الدقهلية', '202cb962ac59075b964b07152d234b70', '30045891201634', 'ياسر فهمى عرنسه', 4, 3),
(100167108, 'نادين علاء المرسى المناوى', '30045891201434', 'انثي', '1973-12-12', 'اعزب', 'مستجد', 'مسلم', '', 'مصري', 'الدقهلية', '202cb962ac59075b964b07152d234b70', '30045891201635', 'علاء المرسى المناوى', 4, 3),
(100167109, 'نادين محمد اسعد الكحكى', '30045891201435', 'انثي', '2004-12-02', 'اعزب', 'مستجد', 'مسلم', '', 'مصري', 'الدقهلية', '202cb962ac59075b964b07152d234b70', '30045891201636', 'محمد اسعد الكحكى', 4, 3),
(100167110, 'نانسى ابراهيم راغب الشربينى بدوى', '30045891201436', 'انثي', '0000-00-00', 'اعزب', 'مستجد', 'مسلم', '', 'مصري', 'الدقهلية', '202cb962ac59075b964b07152d234b70', '30045891201637', 'ابراهيم راغب الشربينى بدوى', 4, 4),
(100167111, 'ندا رجب محمد حسن الجوهرى', '30045891201437', 'انثي', '0000-00-00', 'اعزب', 'مستجد', 'مسلم', '', 'مصري', 'الدقهلية', '202cb962ac59075b964b07152d234b70', '30045891201638', 'رجب محمد حسن الجوهرى', 4, 4),
(100167112, 'ندى أشرف سعيد السيد الشربينى', '30045891201438', 'انثي', '0000-00-00', 'اعزب', 'مستجد', 'مسلم', '', 'مصري', 'الدقهلية', '202cb962ac59075b964b07152d234b70', '30045891201639', 'أشرف سعيد السيد الشربينى', 4, 4),
(100167113, 'ندى ابراهيم شهاب ابراهيم عياد', '30045891201439', 'انثي', '1993-01-10', 'اعزب', 'مستجد', 'مسلم', '', 'مصري', 'الدقهلية', '202cb962ac59075b964b07152d234b70', '30045891201640', 'ابراهيم شهاب ابراهيم عياد', 4, 4),
(100167114, 'ندى حسن السيد محمد حسانين', '30045891201440', 'انثي', '1999-02-07', 'اعزب', 'مستجد', 'مسلم', '', 'مصري', 'الدقهلية', '202cb962ac59075b964b07152d234b70', '30045891201641', 'حسن السيد محمد حسانين', 4, 4),
(100167115, 'ندى سعد عبدالمنعم ابراهيم خيره', '30045891201441', 'انثي', '0000-00-00', 'اعزب', 'مستجد', 'مسلم', '', 'مصري', 'الدقهلية', '202cb962ac59075b964b07152d234b70', '30045891201642', 'سعد عبدالمنعم ابراهيم خيره', 4, 4),
(100167116, 'ندى عابد عبد البارى عبد الحليم', '30045891201442', 'انثي', '1999-08-11', 'اعزب', 'مستجد', 'مسلم', '', 'مصري', 'الدقهلية', '202cb962ac59075b964b07152d234b70', '30045891201643', 'عابد عبد البارى عبد الحليم', 4, 4),
(100167117, 'ندى مسعد درويش فياله', '30045891201443', 'انثي', '1995-01-10', 'اعزب', 'مستجد', 'مسلم', '', 'مصري', 'الدقهلية', '202cb962ac59075b964b07152d234b70', '30045891201644', 'مسعد درويش فياله', 4, 4),
(100167118, 'ندى منتصر السيد يحى', '30045891201444', 'انثي', '0000-00-00', 'اعزب', 'مستجد', 'مسلم', '', 'مصري', 'الدقهلية', '202cb962ac59075b964b07152d234b70', '30045891201645', 'منتصر السيد يحى', 4, 4),
(100167119, 'ندى هشام محمد فؤاد محمد بطروخه', '30045891201445', 'انثي', '2004-01-02', 'اعزب', 'مستجد', 'مسلم', '', 'مصري', 'الدقهلية', '202cb962ac59075b964b07152d234b70', '30045891201646', 'هشام محمد فؤاد محمد بطروخه', 4, 4),
(100167120, 'نغم محمد عزت فايز عطيه', '30045891201446', 'انثي', '1998-05-01', 'اعزب', 'مستجد', 'مسلم', '', 'مصري', 'الدقهلية', '202cb962ac59075b964b07152d234b70', '30045891201647', 'محمد عزت فايز عطيه', 4, 5),
(100167121, 'نهال احمد سعيد محمد الجندى', '30045891201447', 'انثي', '1980-05-08', 'اعزب', 'مستجد', 'مسلم', '', 'مصري', 'الدقهلية', '202cb962ac59075b964b07152d234b70', '30045891201648', 'احمد سعيد محمد الجندى', 4, 5),
(100167122, 'نور الدين محمود السيد محمد حسنين', '30045891201448', 'انثي', '1997-06-04', 'اعزب', 'مستجد', 'مسلم', '', 'مصري', 'الدقهلية', '202cb962ac59075b964b07152d234b70', '30045891201649', 'الدين محمود السيد محمد حسنين', 4, 5),
(100167123, 'نوران خالد مختار الشرقاوى', '30045891201449', 'انثي', '0000-00-00', 'اعزب', 'مستجد', 'مسلم', '', 'مصري', 'الدقهلية', '202cb962ac59075b964b07152d234b70', '30045891201650', 'خالد مختار الشرقاوى', 4, 5),
(100167124, 'نوران طارق محمد محمد عاشور', '30045891201450', 'انثي', '0000-00-00', 'اعزب', 'مستجد', 'مسلم', '', 'مصري', 'الدقهلية', '202cb962ac59075b964b07152d234b70', '30045891201651', 'طارق محمد محمد عاشور', 4, 5),
(100167125, 'نورسين خلود السيد احمد محمد الشيخه', '30045891201451', 'انثي', '1995-05-11', 'اعزب', 'مستجد', 'مسلم', '', 'مصري', 'الدقهلية', '202cb962ac59075b964b07152d234b70', '30045891201652', 'خلود السيد احمد محمد الشيخه', 4, 5),
(100167126, 'هاجر حسن زاكى شولح', '30045891201452', 'انثي', '0000-00-00', 'اعزب', 'مستجد', 'مسلم', '', 'مصري', 'الدقهلية', '202cb962ac59075b964b07152d234b70', '30045891201653', 'حسن زاكى شولح', 4, 5),
(100167127, 'هاجر سعد بهزات على المرس ى', '30045891201453', 'انثي', '1977-01-11', 'اعزب', 'مستجد', 'مسلم', '', 'مصري', 'الدقهلية', '202cb962ac59075b964b07152d234b70', '30045891201654', 'سعد بهزات على المرس ى', 4, 5),
(100167128, 'هاجر ماهر محمود العدلى محمد العدوى', '30045891201454', 'انثي', '0000-00-00', 'اعزب', 'مستجد', 'مسلم', '', 'مصري', 'الدقهلية', '202cb962ac59075b964b07152d234b70', '30045891201655', 'ماهر محمود العدلى محمد العدوى', 4, 5),
(100167129, 'هانى ابراهيم حسن البلطى', '30045891201455', 'ذكر', '0000-00-00', '', '', '', '', 'مصري', 'الدقهلية', '202cb962ac59075b964b07152d234b70', '30045891201656', 'ابراهيم حسن البلطى', 4, 5);

-- --------------------------------------------------------

--
-- Table structure for table `student_courses`
--

CREATE TABLE `student_courses` (
  `student_m` int(11) NOT NULL,
  `course_m` int(11) NOT NULL
) ENGINE=InnoDB DEFAULT CHARSET=utf8mb4 COLLATE=utf8mb4_general_ci;

--
-- Dumping data for table `student_courses`
--

INSERT INTO `student_courses` (`student_m`, `course_m`) VALUES
(100166928, 7),
(100166928, 11),
(100166928, 15),
(100166928, 19),
(100166928, 22),
(100166929, 7),
(100166929, 11),
(100166929, 15),
(100166929, 19),
(100166929, 22),
(100166930, 7),
(100166930, 11),
(100166930, 15),
(100166930, 19),
(100166930, 22),
(100166931, 7),
(100166931, 11),
(100166931, 15),
(100166931, 19),
(100166931, 22),
(100166932, 7),
(100166932, 11),
(100166932, 15),
(100166932, 19),
(100166932, 22),
(100166933, 7),
(100166933, 11),
(100166933, 15),
(100166933, 19),
(100166933, 22),
(100166934, 7),
(100166934, 11),
(100166934, 15),
(100166934, 19),
(100166934, 22),
(100166935, 7),
(100166935, 11),
(100166935, 15),
(100166935, 19),
(100166935, 22),
(100166936, 7),
(100166936, 11),
(100166936, 15),
(100166936, 19),
(100166936, 22),
(100166937, 7),
(100166937, 11),
(100166937, 15),
(100166937, 19),
(100166937, 22),
(100166938, 7),
(100166938, 11),
(100166938, 15),
(100166938, 19),
(100166938, 22),
(100166939, 7),
(100166939, 11),
(100166939, 15),
(100166939, 19),
(100166939, 22),
(100166940, 7),
(100166940, 11),
(100166940, 15),
(100166940, 19),
(100166940, 22),
(100166941, 7),
(100166941, 11),
(100166941, 15),
(100166941, 19),
(100166941, 22),
(100166942, 7),
(100166942, 11),
(100166942, 15),
(100166942, 19),
(100166942, 22),
(100166943, 7),
(100166943, 11),
(100166943, 15),
(100166943, 19),
(100166943, 22),
(100166944, 7),
(100166944, 11),
(100166944, 15),
(100166944, 19),
(100166944, 22),
(100166945, 7),
(100166945, 11),
(100166945, 15),
(100166945, 19),
(100166945, 22),
(100166946, 7),
(100166946, 11),
(100166946, 15),
(100166946, 19),
(100166946, 22),
(100166947, 7),
(100166947, 11),
(100166947, 15),
(100166947, 19),
(100166947, 22),
(100166948, 7),
(100166948, 11),
(100166948, 15),
(100166948, 19),
(100166948, 22),
(100166949, 7),
(100166949, 11),
(100166949, 15),
(100166949, 19),
(100166949, 22),
(100166950, 7),
(100166950, 11),
(100166950, 15),
(100166950, 19),
(100166950, 22),
(100166951, 7),
(100166951, 11),
(100166951, 15),
(100166951, 19),
(100166951, 22),
(100166952, 7),
(100166952, 11),
(100166952, 15),
(100166952, 19),
(100166952, 22),
(100166953, 7),
(100166953, 11),
(100166953, 15),
(100166953, 19),
(100166953, 22),
(100166954, 7),
(100166954, 11),
(100166954, 15),
(100166954, 19),
(100166954, 22),
(100166955, 7),
(100166955, 11),
(100166955, 15),
(100166955, 19),
(100166955, 22),
(100166956, 7),
(100166956, 11),
(100166956, 15),
(100166956, 19),
(100166956, 22),
(100166957, 7),
(100166957, 11),
(100166957, 15),
(100166957, 19),
(100166957, 22),
(100166958, 7),
(100166958, 11),
(100166958, 15),
(100166958, 19),
(100166958, 22),
(100166959, 7),
(100166959, 11),
(100166959, 15),
(100166959, 19),
(100166959, 22),
(100166960, 7),
(100166960, 11),
(100166960, 15),
(100166960, 19),
(100166960, 22),
(100166961, 7),
(100166961, 11),
(100166961, 15),
(100166961, 19),
(100166961, 22),
(100166962, 7),
(100166962, 11),
(100166962, 15),
(100166962, 19),
(100166962, 22),
(100166963, 7),
(100166963, 11),
(100166963, 15),
(100166963, 19),
(100166963, 22),
(100166964, 7),
(100166964, 11),
(100166964, 15),
(100166964, 19),
(100166964, 22),
(100166965, 7),
(100166965, 11),
(100166965, 15),
(100166965, 19),
(100166965, 22),
(100166966, 7),
(100166966, 11),
(100166966, 15),
(100166966, 19),
(100166966, 22),
(100166967, 7),
(100166967, 11),
(100166967, 15),
(100166967, 19),
(100166967, 22),
(100166968, 7),
(100166968, 11),
(100166968, 15),
(100166968, 19),
(100166968, 22),
(100166969, 7),
(100166969, 11),
(100166969, 15),
(100166969, 19),
(100166969, 22),
(100166970, 7),
(100166970, 11),
(100166970, 15),
(100166970, 19),
(100166970, 22),
(100166971, 7),
(100166971, 11),
(100166971, 15),
(100166971, 19),
(100166971, 22),
(100166972, 7),
(100166972, 11),
(100166972, 15),
(100166972, 19),
(100166972, 22),
(100166973, 7),
(100166973, 11),
(100166973, 15),
(100166973, 19),
(100166973, 22),
(100166974, 7),
(100166974, 11),
(100166974, 15),
(100166974, 19),
(100166974, 22),
(100166975, 7),
(100166975, 11),
(100166975, 15),
(100166975, 19),
(100166975, 22),
(100166976, 7),
(100166976, 11),
(100166976, 15),
(100166976, 19),
(100166976, 22),
(100166977, 7),
(100166977, 11),
(100166977, 15),
(100166977, 19),
(100166977, 22),
(100166978, 8),
(100166978, 12),
(100166978, 16),
(100166978, 20),
(100166978, 23),
(100166979, 8),
(100166979, 12),
(100166979, 16),
(100166979, 20),
(100166979, 23),
(100166980, 8),
(100166980, 12),
(100166980, 16),
(100166980, 20),
(100166980, 23),
(100166981, 8),
(100166981, 12),
(100166981, 16),
(100166981, 20),
(100166981, 23),
(100166982, 8),
(100166982, 12),
(100166982, 16),
(100166982, 20),
(100166982, 23),
(100166983, 8),
(100166983, 12),
(100166983, 16),
(100166983, 20),
(100166983, 23),
(100166984, 8),
(100166984, 12),
(100166984, 16),
(100166984, 20),
(100166984, 23),
(100166985, 8),
(100166985, 12),
(100166985, 16),
(100166985, 20),
(100166985, 23),
(100166986, 8),
(100166986, 12),
(100166986, 16),
(100166986, 20),
(100166986, 23),
(100166987, 8),
(100166987, 12),
(100166987, 16),
(100166987, 20),
(100166987, 23),
(100166988, 8),
(100166988, 12),
(100166988, 16),
(100166988, 20),
(100166988, 23),
(100166989, 8),
(100166989, 12),
(100166989, 16),
(100166989, 20),
(100166989, 23),
(100166990, 8),
(100166990, 12),
(100166990, 16),
(100166990, 20),
(100166990, 23),
(100166991, 8),
(100166991, 12),
(100166991, 16),
(100166991, 20),
(100166991, 23),
(100166992, 8),
(100166992, 12),
(100166992, 16),
(100166992, 20),
(100166992, 23),
(100166993, 8),
(100166993, 12),
(100166993, 16),
(100166993, 20),
(100166993, 23),
(100166994, 8),
(100166994, 12),
(100166994, 16),
(100166994, 20),
(100166994, 23),
(100166995, 8),
(100166995, 12),
(100166995, 16),
(100166995, 20),
(100166995, 23),
(100166996, 8),
(100166996, 12),
(100166996, 16),
(100166996, 20),
(100166996, 23),
(100166997, 8),
(100166997, 12),
(100166997, 16),
(100166997, 20),
(100166997, 23),
(100166998, 8),
(100166998, 12),
(100166998, 16),
(100166998, 20),
(100166998, 23),
(100166999, 8),
(100166999, 12),
(100166999, 16),
(100166999, 20),
(100166999, 23),
(100167000, 8),
(100167000, 12),
(100167000, 16),
(100167000, 20),
(100167000, 23),
(100167001, 8),
(100167001, 12),
(100167001, 16),
(100167001, 20),
(100167001, 23),
(100167002, 8),
(100167002, 12),
(100167002, 16),
(100167002, 20),
(100167002, 23),
(100167003, 8),
(100167003, 12),
(100167003, 16),
(100167003, 20),
(100167003, 23),
(100167004, 8),
(100167004, 12),
(100167004, 16),
(100167004, 20),
(100167004, 23),
(100167005, 8),
(100167005, 12),
(100167005, 16),
(100167005, 20),
(100167005, 23),
(100167006, 8),
(100167006, 12),
(100167006, 16),
(100167006, 20),
(100167006, 23),
(100167007, 8),
(100167007, 12),
(100167007, 16),
(100167007, 20),
(100167007, 23),
(100167008, 8),
(100167008, 12),
(100167008, 16),
(100167008, 20),
(100167008, 23),
(100167009, 8),
(100167009, 12),
(100167009, 16),
(100167009, 20),
(100167009, 23),
(100167010, 8),
(100167010, 12),
(100167010, 16),
(100167010, 20),
(100167010, 23),
(100167011, 8),
(100167011, 12),
(100167011, 16),
(100167011, 20),
(100167011, 23),
(100167012, 8),
(100167012, 12),
(100167012, 16),
(100167012, 20),
(100167012, 23),
(100167013, 8),
(100167013, 12),
(100167013, 16),
(100167013, 20),
(100167013, 23),
(100167014, 8),
(100167014, 12),
(100167014, 16),
(100167014, 20),
(100167014, 23),
(100167015, 8),
(100167015, 12),
(100167015, 16),
(100167015, 20),
(100167015, 23),
(100167016, 8),
(100167016, 12),
(100167016, 16),
(100167016, 20),
(100167016, 23),
(100167017, 8),
(100167017, 12),
(100167017, 16),
(100167017, 20),
(100167017, 23),
(100167018, 8),
(100167018, 12),
(100167018, 16),
(100167018, 20),
(100167018, 23),
(100167019, 8),
(100167019, 12),
(100167019, 16),
(100167019, 20),
(100167019, 23),
(100167020, 8),
(100167020, 12),
(100167020, 16),
(100167020, 20),
(100167020, 23),
(100167021, 8),
(100167021, 12),
(100167021, 16),
(100167021, 20),
(100167021, 23),
(100167022, 8),
(100167022, 12),
(100167022, 16),
(100167022, 20),
(100167022, 23),
(100167023, 8),
(100167023, 12),
(100167023, 16),
(100167023, 20),
(100167023, 23),
(100167024, 8),
(100167024, 12),
(100167024, 16),
(100167024, 20),
(100167024, 23),
(100167025, 8),
(100167025, 12),
(100167025, 16),
(100167025, 20),
(100167025, 23),
(100167026, 8),
(100167026, 12),
(100167026, 16),
(100167026, 20),
(100167026, 23),
(100167027, 8),
(100167027, 12),
(100167027, 16),
(100167027, 20),
(100167027, 23),
(100167028, 8),
(100167028, 12),
(100167028, 16),
(100167028, 20),
(100167028, 23),
(100167029, 9),
(100167029, 13),
(100167029, 17),
(100167029, 21),
(100167029, 24),
(100167030, 9),
(100167030, 13),
(100167030, 17),
(100167030, 21),
(100167030, 24),
(100167031, 9),
(100167031, 13),
(100167031, 17),
(100167031, 21),
(100167031, 24),
(100167032, 9),
(100167032, 13),
(100167032, 17),
(100167032, 21),
(100167032, 24),
(100167033, 9),
(100167033, 13),
(100167033, 17),
(100167033, 21),
(100167033, 24),
(100167034, 9),
(100167034, 13),
(100167034, 17),
(100167034, 21),
(100167034, 24),
(100167035, 9),
(100167035, 13),
(100167035, 17),
(100167035, 21),
(100167035, 24),
(100167036, 9),
(100167036, 13),
(100167036, 17),
(100167036, 21),
(100167036, 24),
(100167037, 9),
(100167037, 13),
(100167037, 17),
(100167037, 21),
(100167037, 24),
(100167038, 9),
(100167038, 13),
(100167038, 17),
(100167038, 21),
(100167038, 24),
(100167039, 9),
(100167039, 13),
(100167039, 17),
(100167039, 21),
(100167039, 24),
(100167040, 9),
(100167040, 13),
(100167040, 17),
(100167040, 21),
(100167040, 24),
(100167041, 9),
(100167041, 13),
(100167041, 17),
(100167041, 21),
(100167041, 24),
(100167042, 9),
(100167042, 13),
(100167042, 17),
(100167042, 21),
(100167042, 24),
(100167043, 9),
(100167043, 13),
(100167043, 17),
(100167043, 21),
(100167043, 24),
(100167044, 9),
(100167044, 13),
(100167044, 17),
(100167044, 21),
(100167044, 24),
(100167045, 9),
(100167045, 13),
(100167045, 17),
(100167045, 21),
(100167045, 24),
(100167046, 9),
(100167046, 13),
(100167046, 17),
(100167046, 21),
(100167046, 24),
(100167047, 9),
(100167047, 13),
(100167047, 17),
(100167047, 21),
(100167047, 24),
(100167048, 9),
(100167048, 13),
(100167048, 17),
(100167048, 21),
(100167048, 24),
(100167049, 9),
(100167049, 13),
(100167049, 17),
(100167049, 21),
(100167049, 24),
(100167050, 9),
(100167050, 13),
(100167050, 17),
(100167050, 21),
(100167050, 24),
(100167051, 9),
(100167051, 13),
(100167051, 17),
(100167051, 21),
(100167051, 24),
(100167052, 9),
(100167052, 13),
(100167052, 17),
(100167052, 21),
(100167052, 24),
(100167053, 9),
(100167053, 13),
(100167053, 17),
(100167053, 21),
(100167053, 24),
(100167054, 9),
(100167054, 13),
(100167054, 17),
(100167054, 21),
(100167054, 24),
(100167055, 9),
(100167055, 13),
(100167055, 17),
(100167055, 21),
(100167055, 24),
(100167056, 9),
(100167056, 13),
(100167056, 17),
(100167056, 21),
(100167056, 24),
(100167057, 9),
(100167057, 13),
(100167057, 17),
(100167057, 21),
(100167057, 24),
(100167058, 9),
(100167058, 13),
(100167058, 17),
(100167058, 21),
(100167058, 24),
(100167059, 9),
(100167059, 13),
(100167059, 17),
(100167059, 21),
(100167059, 24),
(100167060, 9),
(100167060, 13),
(100167060, 17),
(100167060, 21),
(100167060, 24),
(100167061, 9),
(100167061, 13),
(100167061, 17),
(100167061, 21),
(100167061, 24),
(100167062, 9),
(100167062, 13),
(100167062, 17),
(100167062, 21),
(100167062, 24),
(100167063, 9),
(100167063, 13),
(100167063, 17),
(100167063, 21),
(100167063, 24),
(100167064, 9),
(100167064, 13),
(100167064, 17),
(100167064, 21),
(100167064, 24),
(100167065, 9),
(100167065, 13),
(100167065, 17),
(100167065, 21),
(100167065, 24),
(100167066, 9),
(100167066, 13),
(100167066, 17),
(100167066, 21),
(100167066, 24),
(100167067, 9),
(100167067, 13),
(100167067, 17),
(100167067, 21),
(100167067, 24),
(100167068, 9),
(100167068, 13),
(100167068, 17),
(100167068, 21),
(100167068, 24),
(100167069, 9),
(100167069, 13),
(100167069, 17),
(100167069, 21),
(100167069, 24),
(100167070, 9),
(100167070, 13),
(100167070, 17),
(100167070, 21),
(100167070, 24),
(100167071, 9),
(100167071, 13),
(100167071, 17),
(100167071, 21),
(100167071, 24),
(100167072, 9),
(100167072, 13),
(100167072, 17),
(100167072, 21),
(100167072, 24),
(100167073, 9),
(100167073, 13),
(100167073, 17),
(100167073, 21),
(100167073, 24),
(100167074, 9),
(100167074, 13),
(100167074, 17),
(100167074, 21),
(100167074, 24),
(100167075, 9),
(100167075, 13),
(100167075, 17),
(100167075, 21),
(100167075, 24),
(100167076, 9),
(100167076, 13),
(100167076, 17),
(100167076, 21),
(100167076, 24),
(100167077, 9),
(100167077, 13),
(100167077, 17),
(100167077, 21),
(100167077, 24),
(100167078, 9),
(100167078, 13),
(100167078, 17),
(100167078, 21),
(100167078, 24),
(100167079, 9),
(100167079, 13),
(100167079, 17),
(100167079, 21),
(100167079, 24),
(100167080, 10),
(100167080, 14),
(100167080, 18),
(100167080, 22),
(100167080, 25),
(100167081, 10),
(100167081, 14),
(100167081, 18),
(100167081, 22),
(100167081, 25),
(100167082, 10),
(100167082, 14),
(100167082, 18),
(100167082, 22),
(100167082, 25),
(100167083, 10),
(100167083, 14),
(100167083, 18),
(100167083, 22),
(100167083, 25),
(100167084, 10),
(100167084, 14),
(100167084, 18),
(100167084, 22),
(100167084, 25),
(100167085, 10),
(100167085, 14),
(100167085, 18),
(100167085, 22),
(100167085, 25),
(100167086, 10),
(100167086, 14),
(100167086, 18),
(100167086, 22),
(100167086, 25),
(100167087, 10),
(100167087, 14),
(100167087, 18),
(100167087, 22),
(100167087, 25),
(100167088, 10),
(100167088, 14),
(100167088, 18),
(100167088, 22),
(100167088, 25),
(100167089, 10),
(100167089, 14),
(100167089, 18),
(100167089, 22),
(100167089, 25),
(100167090, 10),
(100167090, 14),
(100167090, 18),
(100167090, 22),
(100167090, 25),
(100167091, 10),
(100167091, 14),
(100167091, 18),
(100167091, 22),
(100167091, 25),
(100167092, 10),
(100167092, 14),
(100167092, 18),
(100167092, 22),
(100167092, 25),
(100167093, 10),
(100167093, 14),
(100167093, 18),
(100167093, 22),
(100167093, 25),
(100167094, 10),
(100167094, 14),
(100167094, 18),
(100167094, 22),
(100167094, 25),
(100167095, 10),
(100167095, 14),
(100167095, 18),
(100167095, 22),
(100167095, 25),
(100167096, 10),
(100167096, 14),
(100167096, 18),
(100167096, 22),
(100167096, 25),
(100167097, 10),
(100167097, 14),
(100167097, 18),
(100167097, 22),
(100167097, 25),
(100167098, 10),
(100167098, 14),
(100167098, 18),
(100167098, 22),
(100167098, 25),
(100167099, 10),
(100167099, 14),
(100167099, 18),
(100167099, 22),
(100167099, 25),
(100167100, 10),
(100167100, 14),
(100167100, 18),
(100167100, 22),
(100167100, 25),
(100167101, 10),
(100167101, 14),
(100167101, 18),
(100167101, 22),
(100167101, 25),
(100167102, 10),
(100167102, 14),
(100167102, 18),
(100167102, 22),
(100167102, 25),
(100167103, 10),
(100167103, 14),
(100167103, 18),
(100167103, 22),
(100167103, 25),
(100167104, 10),
(100167104, 14),
(100167104, 18),
(100167104, 22),
(100167104, 25),
(100167105, 10),
(100167105, 14),
(100167105, 18),
(100167105, 22),
(100167105, 25),
(100167106, 10),
(100167106, 14),
(100167106, 18),
(100167106, 22),
(100167106, 25),
(100167107, 10),
(100167107, 14),
(100167107, 18),
(100167107, 22),
(100167107, 25),
(100167108, 10),
(100167108, 14),
(100167108, 18),
(100167108, 22),
(100167108, 25),
(100167109, 10),
(100167109, 14),
(100167109, 18),
(100167109, 22),
(100167109, 25),
(100167110, 10),
(100167110, 14),
(100167110, 18),
(100167110, 22),
(100167110, 25),
(100167111, 10),
(100167111, 14),
(100167111, 18),
(100167111, 22),
(100167111, 25),
(100167112, 10),
(100167112, 14),
(100167112, 18),
(100167112, 22),
(100167112, 25),
(100167113, 10),
(100167113, 14),
(100167113, 18),
(100167113, 22),
(100167113, 25),
(100167114, 10),
(100167114, 14),
(100167114, 18),
(100167114, 22),
(100167114, 25),
(100167115, 10),
(100167115, 14),
(100167115, 18),
(100167115, 22),
(100167115, 25),
(100167116, 10),
(100167116, 14),
(100167116, 18),
(100167116, 22),
(100167116, 25),
(100167117, 10),
(100167117, 14),
(100167117, 18),
(100167117, 22),
(100167117, 25),
(100167118, 10),
(100167118, 14),
(100167118, 18),
(100167118, 22),
(100167118, 25),
(100167119, 10),
(100167119, 14),
(100167119, 18),
(100167119, 22),
(100167119, 25),
(100167120, 10),
(100167120, 14),
(100167120, 18),
(100167120, 22),
(100167120, 25),
(100167121, 10),
(100167121, 14),
(100167121, 18),
(100167121, 22),
(100167121, 25),
(100167122, 10),
(100167122, 14),
(100167122, 18),
(100167122, 22),
(100167122, 25),
(100167123, 10),
(100167123, 14),
(100167123, 18),
(100167123, 22),
(100167123, 25),
(100167124, 10),
(100167124, 14),
(100167124, 18),
(100167124, 22),
(100167124, 25),
(100167125, 10),
(100167125, 14),
(100167125, 18),
(100167125, 22),
(100167125, 25),
(100167126, 10),
(100167126, 14),
(100167126, 18),
(100167126, 22),
(100167126, 25),
(100167127, 10),
(100167127, 14),
(100167127, 18),
(100167127, 22),
(100167127, 25),
(100167128, 10),
(100167128, 14),
(100167128, 18),
(100167128, 22),
(100167128, 25),
(100167129, 10),
(100167129, 14),
(100167129, 18),
(100167129, 22),
(100167129, 25);

-- --------------------------------------------------------

--
-- Table structure for table `supervisor`
--

CREATE TABLE `supervisor` (
  `id` int(11) NOT NULL,
  `name` varchar(255) NOT NULL,
  `pass` varchar(255) NOT NULL,
  `national_id` varchar(255) NOT NULL,
  `image` varchar(255) NOT NULL
) ENGINE=InnoDB DEFAULT CHARSET=utf8mb4 COLLATE=utf8mb4_general_ci;

--
-- Dumping data for table `supervisor`
--

INSERT INTO `supervisor` (`id`, `name`, `pass`, `national_id`, `image`) VALUES
(2, 'احمد السيد حسن', '123', '30036971201456', ''),
(3, 'محمد السيد محمود', '123', '30036971201451', ''),
(4, 'ابراهيم احمد محمد ', '123', '30036971201452', ''),
(5, 'ملاك احمد محمد', '123', '30036971201453', ''),
(6, 'سلسبيل عيد احمد', '123', '30036971201454', ''),
(7, 'عز احمد محمد ', '123', '30036971201455', ''),
(8, 'صهيب مصطفى اسماعيل', '123', '30036971201457', ''),
(9, 'منير احمد محمد', '123', '30036971201459', ''),
(10, 'ليشع افخاى ادراعي', '123', '30036971201458', ''),
(11, 'شلهوب يوسف مينا', '123', '30036971201410', '');

-- --------------------------------------------------------

--
-- Table structure for table `supervisor_courses`
--

CREATE TABLE `supervisor_courses` (
  `supervisor_m` int(11) NOT NULL,
  `courses_m` int(11) NOT NULL
) ENGINE=InnoDB DEFAULT CHARSET=utf8mb4 COLLATE=utf8mb4_general_ci;

--
-- Dumping data for table `supervisor_courses`
--

INSERT INTO `supervisor_courses` (`supervisor_m`, `courses_m`) VALUES
(2, 8),
(2, 9),
(3, 10),
(3, 12),
(4, 7),
(4, 16),
(5, 11),
(5, 14),
(6, 13),
(6, 18),
(7, 17),
(7, 22),
(8, 15),
(8, 20),
(9, 21),
(9, 23),
(10, 23),
(10, 25),
(11, 20),
(11, 22);

-- --------------------------------------------------------

--
-- Table structure for table `supervisor_team`
--

CREATE TABLE `supervisor_team` (
  `supervisor_m` int(11) NOT NULL,
  `team_m` int(11) NOT NULL
) ENGINE=InnoDB DEFAULT CHARSET=utf8mb4 COLLATE=utf8mb4_general_ci;

--
-- Dumping data for table `supervisor_team`
--

INSERT INTO `supervisor_team` (`supervisor_m`, `team_m`) VALUES
(2, 2),
(2, 3),
(3, 2),
(3, 4),
(4, 1),
(4, 2),
(5, 1),
(5, 4),
(6, 3),
(6, 4),
(7, 3),
(7, 4),
(8, 1),
(8, 2),
(9, 2),
(9, 3),
(10, 2),
(10, 4),
(11, 2),
(11, 4);

-- --------------------------------------------------------

--
-- Table structure for table `teams`
--

CREATE TABLE `teams` (
  `id` int(11) NOT NULL,
  `team_name` varchar(255) NOT NULL,
  `table_photo` varchar(255) NOT NULL
) ENGINE=InnoDB DEFAULT CHARSET=utf8mb4 COLLATE=utf8mb4_general_ci;

--
-- Dumping data for table `teams`
--

INSERT INTO `teams` (`id`, `team_name`, `table_photo`) VALUES
(1, '1', 'table.jpeg'),
(2, '2', 'table.jpeg'),
(3, '3', 'table.jpeg'),
(4, '4', 'table.jpeg');

--
-- Indexes for dumped tables
--

--
-- Indexes for table `attendance`
--
ALTER TABLE `attendance`
  ADD PRIMARY KEY (`id`),
  ADD KEY `fk_attendance_studen` (`student_id`),
  ADD KEY `fk_attendance_courses` (`course_id`),
  ADD KEY `fk_attendance_section` (`secion_id`),
  ADD KEY `fk_attendance_team` (`team_id`);

--
-- Indexes for table `courses`
--
ALTER TABLE `courses`
  ADD PRIMARY KEY (`id`);

--
-- Indexes for table `notes`
--
ALTER TABLE `notes`
  ADD PRIMARY KEY (`id`);

--
-- Indexes for table `sections`
--
ALTER TABLE `sections`
  ADD PRIMARY KEY (`id`);

--
-- Indexes for table `student`
--
ALTER TABLE `student`
  ADD PRIMARY KEY (`id`),
  ADD UNIQUE KEY `national_id` (`national_id`),
  ADD UNIQUE KEY `national_id_father` (`national_id_father`),
  ADD KEY `fk_student_team` (`team_id`),
  ADD KEY `fk_student_section` (`section_id`);

--
-- Indexes for table `student_courses`
--
ALTER TABLE `student_courses`
  ADD PRIMARY KEY (`student_m`,`course_m`),
  ADD KEY `cons_course` (`course_m`);

--
-- Indexes for table `supervisor`
--
ALTER TABLE `supervisor`
  ADD PRIMARY KEY (`id`),
  ADD UNIQUE KEY `national_id` (`national_id`);

--
-- Indexes for table `supervisor_courses`
--
ALTER TABLE `supervisor_courses`
  ADD PRIMARY KEY (`supervisor_m`,`courses_m`),
  ADD KEY `cons_courses_m` (`courses_m`);

--
-- Indexes for table `supervisor_team`
--
ALTER TABLE `supervisor_team`
  ADD PRIMARY KEY (`supervisor_m`,`team_m`),
  ADD KEY `fk_team_supervisor` (`team_m`);

--
-- Indexes for table `teams`
--
ALTER TABLE `teams`
  ADD PRIMARY KEY (`id`);

--
-- AUTO_INCREMENT for dumped tables
--

--
-- AUTO_INCREMENT for table `attendance`
--
ALTER TABLE `attendance`
  MODIFY `id` int(11) NOT NULL AUTO_INCREMENT, AUTO_INCREMENT=257;

--
-- AUTO_INCREMENT for table `courses`
--
ALTER TABLE `courses`
  MODIFY `id` int(11) NOT NULL AUTO_INCREMENT, AUTO_INCREMENT=27;

--
-- AUTO_INCREMENT for table `notes`
--
ALTER TABLE `notes`
  MODIFY `id` int(11) NOT NULL AUTO_INCREMENT, AUTO_INCREMENT=70;

--
-- AUTO_INCREMENT for table `sections`
--
ALTER TABLE `sections`
  MODIFY `id` int(11) NOT NULL AUTO_INCREMENT, AUTO_INCREMENT=7;

--
-- AUTO_INCREMENT for table `student`
--
ALTER TABLE `student`
  MODIFY `id` int(11) NOT NULL AUTO_INCREMENT, AUTO_INCREMENT=2147483648;

--
-- AUTO_INCREMENT for table `supervisor`
--
ALTER TABLE `supervisor`
  MODIFY `id` int(11) NOT NULL AUTO_INCREMENT, AUTO_INCREMENT=13;

--
-- AUTO_INCREMENT for table `supervisor_team`
--
ALTER TABLE `supervisor_team`
  MODIFY `supervisor_m` int(11) NOT NULL AUTO_INCREMENT, AUTO_INCREMENT=12;

--
-- AUTO_INCREMENT for table `teams`
--
ALTER TABLE `teams`
  MODIFY `id` int(11) NOT NULL AUTO_INCREMENT, AUTO_INCREMENT=5;

--
-- Constraints for dumped tables
--

--
-- Constraints for table `student`
--
ALTER TABLE `student`
  ADD CONSTRAINT `fk_student_section` FOREIGN KEY (`section_id`) REFERENCES `sections` (`id`) ON DELETE CASCADE ON UPDATE CASCADE,
  ADD CONSTRAINT `fk_student_team` FOREIGN KEY (`team_id`) REFERENCES `teams` (`id`) ON DELETE CASCADE ON UPDATE CASCADE;

--
-- Constraints for table `student_courses`
--
ALTER TABLE `student_courses`
  ADD CONSTRAINT `cons_course` FOREIGN KEY (`course_m`) REFERENCES `courses` (`id`) ON DELETE CASCADE ON UPDATE CASCADE,
  ADD CONSTRAINT `cons_student` FOREIGN KEY (`student_m`) REFERENCES `student` (`id`) ON DELETE CASCADE ON UPDATE CASCADE;

--
-- Constraints for table `supervisor_courses`
--
ALTER TABLE `supervisor_courses`
  ADD CONSTRAINT `fk_superviser` FOREIGN KEY (`supervisor_m`) REFERENCES `supervisor` (`id`) ON DELETE CASCADE ON UPDATE CASCADE,
  ADD CONSTRAINT `fk_superviser_course` FOREIGN KEY (`courses_m`) REFERENCES `courses` (`id`) ON DELETE CASCADE ON UPDATE CASCADE;

--
-- Constraints for table `supervisor_team`
--
ALTER TABLE `supervisor_team`
  ADD CONSTRAINT `fk_superviser_team` FOREIGN KEY (`supervisor_m`) REFERENCES `supervisor` (`id`) ON DELETE CASCADE ON UPDATE CASCADE,
  ADD CONSTRAINT `fk_team` FOREIGN KEY (`team_m`) REFERENCES `teams` (`id`) ON DELETE CASCADE ON UPDATE CASCADE;
COMMIT;

/*!40101 SET CHARACTER_SET_CLIENT=@OLD_CHARACTER_SET_CLIENT */;
/*!40101 SET CHARACTER_SET_RESULTS=@OLD_CHARACTER_SET_RESULTS */;
/*!40101 SET COLLATION_CONNECTION=@OLD_COLLATION_CONNECTION */;
